order_id,record_time,cost
cee0a18f0845e3afb71468e5bf2a71,2022-09-25 17:09:00 EDT,0.004299717149583334
f81acca291478b949ee87c812c3ab4,2022-09-25 17:10:00 EDT,0.0039155938269
81d5f844f5475ca5e1c3da0f97cd7a,2022-09-25 17:10:00 EDT,0.004334947741549999
84724d35044c6789a82165f5a5ae53,2022-09-25 17:11:00 EDT,0.0018337736919166665
174b68ee2945cc8184cd2c1379a39c,2022-09-25 17:12:00 EDT,0.0013996782788999998
dd05145a2a42a39358e5647b1adc1d,2022-09-25 17:12:00 EDT,0.006935967350550001
51f8115cf9426092cc7094648e6fa8,2022-09-25 17:14:00 EDT,0.00026525028022
bcfe7c64184947806f5d3b696fdd89,2022-09-25 17:14:00 EDT,0.009188229542266668
47d7142bad4fe09ee5e74ab89a666c,2022-09-25 17:15:00 EDT,0.005831013623516667
07f0d0ae3a481999131b6d942068e2,2022-09-25 17:16:00 EDT,0.006665114728750001
39129959b74fa5864edced84cb62f4,2022-09-25 17:16:00 EDT,0.01280096999503333
3a0f0d64ad4ce5975d453491309ee1,2022-09-25 17:16:00 EDT,0.003161628225
728f54070848d38ac90a7b4e126850,2022-09-25 17:16:00 EDT,0.0015338206305
d872a9fd664555b1a65158fbe95151,2022-09-25 17:17:00 EDT,0.010819017984133332
c81ea772a043fe8bc9247a95b6cce6,2022-09-25 17:18:00 EDT,0.0013996782788999998
db8dd1e4dd4de0ac864a2dc682a28b,2022-09-25 17:18:00 EDT,0.0019605730126666665
fb02582df141e3ba1f296464ea1ccf,2022-09-25 17:18:00 EDT,0.0030104602210666667
e283115a28471b86aad03330747fa5,2022-09-25 17:19:00 EDT,0.0009955198375999998
7fb3fe6e864ee68862af341734a8a2,2022-09-25 17:19:00 EDT,0.00658153105795
217a2c78ba47c9bbb51ea6b4351d44,2022-09-25 17:19:00 EDT,0.00111130572425
dbd0b70fa7463c93e354da6eecadb4,2022-09-25 17:19:00 EDT,0.0008113349520666668
78245cb67e48eba11ef31e33603005,2022-09-25 17:19:00 EDT,0.006935967350550001
333c5509364750a03a5e79b10d31a9,2022-09-25 17:19:00 EDT,0.009567340813333334
95f774b310418ea1e4735d402f91c1,2022-09-25 17:19:00 EDT,0.004209894503566667
0f29e038c8427b82ad24ad6702533c,2022-09-25 17:20:00 EDT,0.0019736959297999997
2e0b4a10ae4cfa9d97ea1246c5b890,2022-09-25 17:20:00 EDT,0.005743263659383334
4c8701e35a4c659bfae7b2a1dd0072,2022-09-25 17:20:00 EDT,0.005895330259933333
36559c91c64c7d98effc50f2ea3b52,2022-09-25 17:20:00 EDT,0.0045877227126000005
57a94d52114151ae396491df5f92f8,2022-09-25 17:20:00 EDT,0.003196608337666667
d45d3061ad47d29fee87e7cc3b6716,2022-09-25 17:20:00 EDT,0.009567340813333334
17f4224c8c49bdaebad9fbacada54b,2022-09-25 17:21:00 EDT,0.00298283263375
ca1af0147749d7821022caf7bfd82f,2022-09-25 17:21:00 EDT,0.005374562518
5af24c4517436c92ecce0e09543673,2022-09-25 17:21:00 EDT,0.005678826026249999
4bf0457d914c2e96481e6bf824eae7,2022-09-25 17:22:00 EDT,0.003777651903266667
86aa7e5d04498eb827e9780ac4ab55,2022-09-25 17:22:00 EDT,0.0030104602210666667
1f61daa8ce4fefbec1c2534ff3b16f,2022-09-25 17:22:00 EDT,0.0008113349520666668
7c0d11a54340d6a1aeb3573ebc091b,2022-09-25 17:22:00 EDT,0.002976642456233333
347c349f104da2b71a7499d83bc885,2022-09-25 17:23:00 EDT,0.0017987555922
eebb0d98ef45ec8e342455121849ff,2022-09-25 17:24:00 EDT,0.00111130572425
04d4264a974493bdb2bb085b702b1a,2022-09-25 17:24:00 EDT,0.00121540622595
751bea85c0467e8f3e4c9a720b1f71,2022-09-25 17:24:00 EDT,0.00462574814275
2063b3b4ea44c38cd867507c244a57,2022-09-25 17:24:00 EDT,0.0044552637814
083ca76fa14f3c9528cf28da205116,2022-09-25 17:25:00 EDT,0.003196608337666667
08bc5f59cc4c0cb65d85d5a928a904,2022-09-25 17:25:00 EDT,0.009188229542266668
a9a633f2a9461994eb21bfe1e4f98b,2022-09-25 17:25:00 EDT,0.009567340813333334
b8b49c6f19457ab3515bcd709c87bf,2022-09-25 17:26:00 EDT,0.00111130572425
1e862ba814449e8de99b22768fb579,2022-09-25 17:26:00 EDT,0.005296658743999999
7ed09fd646421b97d40c9a1dc5c114,2022-09-25 17:26:00 EDT,0.005757679571333334
fe927bbbc0459fbae7b6ba56d2696f,2022-09-25 17:26:00 EDT,0.004299717149583334
19b3f8a33c4f6aa908787662a2ac43,2022-09-25 17:27:00 EDT,0.005831013623516667
518cf39c0d4bd0aed9da7ebca1eed4,2022-09-25 17:27:00 EDT,0.0019605730126666665
0ebc9deccd48bda0173f330a57c63c,2022-09-25 17:28:00 EDT,0.005824112428933334
70ec5764a04b7c955e985d203ed214,2022-09-25 17:28:00 EDT,0.0015576753214166664
1ce393d3d045f58e6aa6a14ceea84c,2022-09-25 17:28:00 EDT,0.001724380281
4aab336ce84a069bd5cb43009816cd,2022-09-25 17:29:00 EDT,0.0045587535941999996
1af2be96894f999d6269251d50fc85,2022-09-25 17:29:00 EDT,0.002761560815266666
818561458040e7b17726a00ae09091,2022-09-25 17:29:00 EDT,0.0008113349520666668
68097faa2f480e8c274ee4395585b0,2022-09-25 17:30:00 EDT,0.0032708156244999997
68f6d7740f4ec2a07eb3107f6857eb,2022-09-25 17:30:00 EDT,0.0030104602210666667
7e3af6d9bf47cd93b5343f3eb52f72,2022-09-25 17:30:00 EDT,0.00462574814275
5f0e41ed9f4209a43833444c1e04f9,2022-09-25 17:30:00 EDT,0.0015648649522
cfd1a9b28141b89a654fa622c4e204,2022-09-25 17:30:00 EDT,0.004299717149583334
8b8c90665a4ce6a91b3729eea1f794,2022-09-25 17:32:00 EDT,0.002749955701333333
7d73f4aefb40a1a026ae21913ddd1d,2022-09-25 17:32:00 EDT,0.0019605730126666665
9f145903fb428ca6fcd9178516ce67,2022-09-25 17:33:00 EDT,0.006944393966899999
6db3d4e20744d1946b394e1c164401,2022-09-25 17:33:00 EDT,0.003616614239266667
6a57b8580f44c58967c3aee8384e10,2022-09-25 17:34:00 EDT,0.005895330259933333
5afb30d415400dbe5b971ff9731a41,2022-09-25 17:34:00 EDT,0.005296658743999999
c83b035cb54107bf78bd622afed45b,2022-09-25 17:34:00 EDT,0.009151346579899999
9d64e97a5a4c789b18611cb640c8a1,2022-09-25 17:34:00 EDT,0.0012131320832000003
415a0d9ed94f78ab1a02ba4cb2d23a,2022-09-25 17:34:00 EDT,0.0058998274452833335
4e69cf082d4a4baa6370a28a3efb33,2022-09-25 17:35:00 EDT,0.00074752074215
5439b29f3c4fdaa379704dfde76343,2022-09-25 17:35:00 EDT,0.006935967350550001
48f96c30d744628383f198ddded788,2022-09-25 17:35:00 EDT,0.0007786455587333333
95044c5c1d4d8286f5ab6f6e329bee,2022-09-25 17:36:00 EDT,0.006944393966899999
43812bae60442888f08b5abe42fc89,2022-09-25 17:36:00 EDT,0.0019605730126666665
8922501eca462bb9d2f8ecdcac878b,2022-09-25 17:36:00 EDT,0.00305874176985
d1e1adeb674ef39028d5f41b364e9e,2022-09-25 17:36:00 EDT,0.005664197160533333
bef207a0374b6382914b46cb3a626f,2022-09-25 17:37:00 EDT,0.0032708156244999997
7e5b4810384fdaabae9eb9cb310669,2022-09-25 17:37:00 EDT,0.00026525028022
70241f30c84e9faa81bc4808e2ee73,2022-09-25 17:38:00 EDT,0.0009955198375999998
f5ea4f6d32414db73c16cfe0f4dd57,2022-09-25 17:38:00 EDT,0.00298283263375
f4dce81be34e7c8dc565024890e29d,2022-09-25 17:38:00 EDT,0.009348584647750001
e633cba4034ba6abdba699f5c4015b,2022-09-25 17:38:00 EDT,0.001724380281
c78a2570064af08b79ea644f3efc15,2022-09-25 17:39:00 EDT,0.0039155938269
c6c68b9abe4c8d945f9aa3bcc4bacc,2022-09-25 17:39:00 EDT,0.006502024655416666
7f01f8060b4c75aaccffed3c04d635,2022-09-25 17:39:00 EDT,0.0028472283536
564b1350604d129459b8221c7d7d63,2022-09-25 17:39:00 EDT,0.0073947918221999994
cfdf39820e422584a4ddcb10559cd5,2022-09-25 17:39:00 EDT,0.0044552637814
1ebfaa9799412b9aa428ab51420baa,2022-09-25 17:39:00 EDT,0.009188229542266668
b7730112be49619db15dc706f860be,2022-09-25 17:39:00 EDT,0.005949546288783333
8b45c57a864dad8fbada8eb7f0fb04,2022-09-25 17:40:00 EDT,0.005374562518
9ff2fc1d4747578939bccbeffc852b,2022-09-25 17:40:00 EDT,0.0005116944884433333
da0054640643ab85afc263c848f24a,2022-09-25 17:40:00 EDT,0.0039155938269
33dd83878c4fa4981ef8cd632daa9a,2022-09-25 17:40:00 EDT,0.00111130572425
c678468d7147968f81702bfad6b3d5,2022-09-25 17:40:00 EDT,0.0015338206305
24847219ca40aa8bda8e82423c52dc,2022-09-25 17:40:00 EDT,0.0012131320832000003
71a533e7984a5db1453d6e5831e216,2022-09-25 17:41:00 EDT,0.0045903062673000004
2724b583da4184831b4e5b428a0919,2022-09-25 17:41:00 EDT,0.005824112428933334
2c6ad52cc840ca8814335a88f5530a,2022-09-25 17:41:00 EDT,0.005678826026249999
41f612c652456c9bf408a2aa48fbc0,2022-09-25 17:41:00 EDT,0.0016373633925
73d0f1dddc47e0879297d954ebdca8,2022-09-25 17:42:00 EDT,0.005743263659383334
c711a81a394ee394910b9ad9c3218b,2022-09-25 17:42:00 EDT,0.005757679571333334
772cea93e4421c95171a44f326492e,2022-09-25 17:43:00 EDT,0.004334947741549999
985aff55b143fbbe2205853b709a7a,2022-09-25 17:43:00 EDT,0.0015576753214166664
c6a9210edb4b3e876f4a60fe509192,2022-09-25 17:43:00 EDT,0.0058998274452833335
e061d13f384543a19c8ce9c532f0ce,2022-09-25 17:44:00 EDT,0.0019605730126666665
5fccf13bf44fb1b9885d9efd151492,2022-09-25 17:44:00 EDT,0.0034164850529333334
60154ed3da400ab40b46aac49404e2,2022-09-25 17:45:00 EDT,0.00298283263375
8850c325d0462a9d420abcfc299a05,2022-09-25 17:45:00 EDT,0.0045903062673000004
a0ea7d87fe490191b4cd9cbacf2be5,2022-09-25 17:45:00 EDT,0.007130030870916668
46d88228dc4434afb837ce4733def2,2022-09-25 17:46:00 EDT,0.0028201090333000007
83e9265c2b4857881799f39a02685c,2022-09-25 17:46:00 EDT,0.0019736959297999997
081db5b524414888a002a9d15ed03b,2022-09-25 17:46:00 EDT,0.004925468147266667
2417e75df14324ae53b486b18bdda6,2022-09-25 17:46:00 EDT,0.005824112428933334
4fa909a2dc47a880c4a3a9b72b03b0,2022-09-25 17:46:00 EDT,0.005296658743999999
058e71730a4e6d8054fdd68fa1b703,2022-09-25 17:46:00 EDT,0.005571459684266668
0a4d400acb463db7c428bedac75900,2022-09-25 17:46:00 EDT,6.492861024e-05
0ad2cc49a146e5a37a38e5cb43178d,2022-09-25 17:47:00 EDT,0.0013996782788999998
768afe94144377b6aed3520ff094b3,2022-09-25 17:47:00 EDT,0.0007786455587333333
3b6e5cf06348a78738c53206d299e4,2022-09-25 17:47:00 EDT,0.0058998274452833335
f812f2a279470c8a7a7c9719f62c69,2022-09-25 17:48:00 EDT,0.005831013623516667
64fd98042a4d889f92002a4add62cf,2022-09-25 17:48:00 EDT,0.0023912616475
5286bc68b441189691ec9264be9bf8,2022-09-25 17:48:00 EDT,0.0008113349520666668
1536025be44fcd9748f9b172aea89e,2022-09-25 17:49:00 EDT,0.0045587535941999996
6abd3b94cd4693ae3082cf4b62c503,2022-09-25 17:49:00 EDT,0.0007241058528383334
a766c76db44ce2b7edd64c6f698c39,2022-09-25 17:49:00 EDT,0.0040342989604499994
d93b9fa35645ab8c8d7f5642a870c7,2022-09-25 17:49:00 EDT,0.003196608337666667
bdd00c32394e44a645a24121de5954,2022-09-25 17:49:00 EDT,0.005501775729416667
22dbaccb2f48018cf8964aa5bc0350,2022-09-25 17:50:00 EDT,0.00400104755525
bdac59b22542169c8b083ff4bd9ee6,2022-09-25 17:50:00 EDT,0.010819017984133332
584b3b587148cb9b09c9cb14d9902d,2022-09-25 17:50:00 EDT,0.0017987555922
626ca6115d4cb2a77b948a9a8d7c71,2022-09-25 17:50:00 EDT,0.004334947741549999
153023c9034c4cb9c0dbf0e599ae36,2022-09-25 17:50:00 EDT,0.003161628225
0a6594d2ba4538926f471ea4a3353f,2022-09-25 17:50:00 EDT,0.006935967350550001
06ff546b9a4d1f94490ebb6b2f4ed6,2022-09-25 17:50:00 EDT,0.0066163389733333335
5949634e3c432bb3cc2a18a033b7a6,2022-09-25 17:51:00 EDT,0.0032708156244999997
e8cdf51b834c5ab6407031a7a5fa37,2022-09-25 17:52:00 EDT,0.002749955701333333
46479bb09341888a8a8af72eee6088,2022-09-25 17:52:00 EDT,0.006665114728750001
e476d854d843ac8b83765794e567e7,2022-09-25 17:52:00 EDT,0.003616614239266667
f89619eca845128946559014df42a1,2022-09-25 17:52:00 EDT,0.003196608337666667
808c7065f34967ad3d1cb1e5016cb4,2022-09-25 17:53:00 EDT,0.0028201090333000007
57feed8e5d4458a97d2b0f41da4d62,2022-09-25 17:53:00 EDT,0.004563546194833333
573cf5c24c47e7b4d6a379ad1e81bc,2022-09-25 17:53:00 EDT,0.005743263659383334
b53258b1b9430889711db6e7f01ee6,2022-09-25 17:53:00 EDT,0.0008113349520666668
77b3b84f644f1db07a8a476360ca4f,2022-09-25 17:53:00 EDT,0.0015576753214166664
97cc09c1c74fe3a8d35273644eb8ef,2022-09-25 17:53:00 EDT,0.0044552637814
9a5e27a0cc4dbc967cb3919131e1e2,2022-09-25 17:54:00 EDT,0.0022363770997
2660e3bcc043c5a14f0f3cf60a63d7,2022-09-25 17:55:00 EDT,0.006944393966899999
16fb6f6abd4047ad0f8150e1e7bf67,2022-09-25 17:55:00 EDT,0.005895330259933333
f5fccf5d25484fa607b40629f147e1,2022-09-25 17:55:00 EDT,0.00111130572425
f517350b6846ed8bc83879ae32b84b,2022-09-25 17:56:00 EDT,0.003457493961
80f88ee1f041d1bf0a2d8b853c5bbe,2022-09-25 17:56:00 EDT,0.01280096999503333
e4704b4e6449399b5caf38b3d13476,2022-09-25 17:56:00 EDT,0.003196608337666667
25e41ca7774287b4f42b1059525514,2022-09-25 17:57:00 EDT,0.005086106897616667
7c91a3ae794cbda7b2092204b26ae0,2022-09-25 17:57:00 EDT,0.0028201090333000007
0c27e09b494eddb9c1c10998acf257,2022-09-25 17:57:00 EDT,0.0010718508342
9aa9475a954fb4861afe8459ab5ffe,2022-09-25 17:58:00 EDT,0.0019605730126666665
aa359418074974a8cdb481e6dd5011,2022-09-25 17:58:00 EDT,0.00387982779405
eb504dbbaf46c0a493a8158811ae6e,2022-09-25 17:58:00 EDT,0.0028472283536
383fd6b79d4d47a37f578004b875bc,2022-09-25 17:58:00 EDT,0.0044552637814
39d0ed6e30478dabf54034749fabc0,2022-09-25 17:59:00 EDT,0.0009955198375999998
8f5057dc9b4c64a6ed0b37cd7675d3,2022-09-25 17:59:00 EDT,0.0019736959297999997
324ba87acd4e9c979772106c322c5a,2022-09-25 17:59:00 EDT,0.006502024655416666
d47482af05448390508807d094b8b5,2022-09-25 17:59:00 EDT,0.0030104602210666667
b72dad1c694e65ba6c8d6876218381,2022-09-25 17:59:00 EDT,0.009348584647750001
226a528ccf444fa66cd39a92dfe99b,2022-09-25 17:59:00 EDT,0.009151346579899999
b3e74d6be84dc886a30ab229a601b0,2022-09-25 17:59:00 EDT,0.005571459684266668
fbf63fb94a43339c8137f5037e13d9,2022-09-25 17:59:00 EDT,0.007130030870916668
98790b1247440583b3ed732d26639c,2022-09-25 17:59:00 EDT,0.0058998274452833335
f1ec6a0f3543169ac04541a3b7daf2,2022-09-25 18:00:00 EDT,0.0013996782788999998
eee40a87eb4965bd3171aae58becf3,2022-09-25 18:00:00 EDT,0.006665114728750001
5f46d04f794d419b968d0fb620d226,2022-09-25 18:00:00 EDT,0.004209894503566667
a003edfa5d4e5fab2942d4f5fa3cc2,2022-09-25 18:00:00 EDT,0.002976642456233333
584495eeae4fa5927932ff7dbfc746,2022-09-25 18:01:00 EDT,0.00026242463853333334
93526d17ab470b97fa30019cca5083,2022-09-25 18:01:00 EDT,0.005895330259933333
e8901fbf7f44bc82ffb56ae22925c2,2022-09-25 18:01:00 EDT,0.00387982779405
a2880c50b746c1a61469756650025b,2022-09-25 18:01:00 EDT,0.0034164850529333334
ee540c4ae8411d9f7cc706a8cc3de4,2022-09-25 18:01:00 EDT,0.0044552637814
bf545956d84d36a9ffe2fe1bb6f326,2022-09-25 18:01:00 EDT,0.007130030870916668
cf5c91a04f4935b7c85988f09ee49b,2022-09-25 18:01:00 EDT,0.0066163389733333335
b5370da93d472f991812e6bf30129f,2022-09-25 18:02:00 EDT,0.0028201090333000007
63e65422504bb4acab13af0423950f,2022-09-25 18:02:00 EDT,0.0032708156244999997
985a9995204e1885276d5003ad9573,2022-09-25 18:02:00 EDT,0.008854872360600001
596abdcb4d4f6a8a9932804fe90b7a,2022-09-25 18:02:00 EDT,0.01280096999503333
99bce6c29a4f11a44268b35de8eb81,2022-09-25 18:02:00 EDT,0.006935967350550001
5e0c68646943888aeeebb399d59f0c,2022-09-25 18:03:00 EDT,0.0045903062673000004
7ab276e5e54e3ab3dc4cd21c34e0d8,2022-09-25 18:04:00 EDT,0.0019605730126666665
ea2dfb577a441b8c7fc7f27bbd7463,2022-09-25 18:04:00 EDT,0.0040342989604499994
13bcbdc2b2424e940ba57ae2780711,2022-09-25 18:04:00 EDT,0.0019736959297999997
2667174c824624b7670e454d8931c2,2022-09-25 18:04:00 EDT,0.0015576753214166664
adf7add38a4638898e1cafc47d687f,2022-09-25 18:04:00 EDT,0.0019534559616000004
2d4dfc80f54eedac25baada379d85c,2022-09-25 18:04:00 EDT,0.0012131320832000003
038677cdb14981ad83f527e241753f,2022-09-25 18:05:00 EDT,0.005374562518
4258ccfd4e4e57bc173fb06edae306,2022-09-25 18:05:00 EDT,0.006944393966899999
65ea7b48a4453b9eb4bde2a73274b8,2022-09-25 18:05:00 EDT,0.0012131320832000003
2a315adf3c4a66999603d915946ebd,2022-09-25 18:05:00 EDT,0.007130030870916668
96efa80a394157b5ac593822d67186,2022-09-25 18:06:00 EDT,0.004169590787816666
013c81ff414d0884459c354693f717,2022-09-25 18:06:00 EDT,0.0032708156244999997
ff1398d1994923a0e0c5986c910640,2022-09-25 18:06:00 EDT,0.0017987555922
2b6114e89541168cfa0ed7b4af79ca,2022-09-25 18:06:00 EDT,0.003457493961
6b71b2480c4e8bb05b18e1877234ce,2022-09-25 18:06:00 EDT,0.00462574814275
94975909b3461887fbad9149e29d83,2022-09-25 18:06:00 EDT,0.006665114728750001
4fe448882b449ba3b40a80a225ddfa,2022-09-25 18:07:00 EDT,0.00387982779405
3ef23877074aa7ace816f303988c19,2022-09-25 18:07:00 EDT,0.009567340813333334
c2a6a1e9b0481b93d9b7c13a248839,2022-09-25 18:08:00 EDT,0.0014854551659999997
32906722984d85909b1709b54ea941,2022-09-25 18:08:00 EDT,0.006502024655416666
ef317dfe5440e78b4aa45b18f11bce,2022-09-25 18:08:00 EDT,0.01280096999503333
cd558f53c34a4f8bb91ff7069554b8,2022-09-25 18:08:00 EDT,0.0028472283536
de0c59e5c749b683d4b9561309ac54,2022-09-25 18:08:00 EDT,0.0073947918221999994
203043b7c144bfb78950bab5bb3873,2022-09-25 18:09:00 EDT,0.005715900913433334
c1c3434fe447168bf30f82861c211a,2022-09-25 18:09:00 EDT,0.0019736959297999997
041f40b82445d086ffa1284b58cd18,2022-09-25 18:09:00 EDT,0.0015648649522
7e594d11bb40148515b903b967ba69,2022-09-25 18:09:00 EDT,0.003161628225
c7e12f4a524019a85295b460e6fbfb,2022-09-25 18:09:00 EDT,0.0036630842083500005
22b43f76cb4bd0bee30df4e221331a,2022-09-25 18:09:00 EDT,0.0016373633925
4d498b3ab5475abc1afe6a56b7a033,2022-09-25 18:10:00 EDT,0.0014854551659999997
ec7f0da918470ea3d9e06b535c74ae,2022-09-25 18:10:00 EDT,0.005374562518
420d19fef542a69669c01f7b48110b,2022-09-25 18:10:00 EDT,0.00026242463853333334
58cf96137c46a08ada50cf507374f6,2022-09-25 18:10:00 EDT,0.0044552637814
8ab955a8b34f8f97b97a329fd7a19e,2022-09-25 18:10:00 EDT,0.005501775729416667
a4fbe34cca4bcbbc106b2fb51bf1f2,2022-09-25 18:10:00 EDT,6.492861024e-05
e8cf7ba49c4aa1ad506ad99558621e,2022-09-25 18:11:00 EDT,0.0032708156244999997
48a232dc1e4978a23534bcee78ebc7,2022-09-25 18:11:00 EDT,0.0019736959297999997
14ca8ae00d47e3b1fefd6f0f6c1601,2022-09-25 18:11:00 EDT,0.00040058651249999993
037a0e8f464f01a5aeeb84d46fa782,2022-09-25 18:11:00 EDT,0.005949546288783333
e7d2741dc94dee989485b826d62dbf,2022-09-25 18:11:00 EDT,0.0021767355358
8b83f7f1e94e1b8f5e8104f28a0430,2022-09-25 18:12:00 EDT,0.00400104755525
94355b47934d17b3ad50b77243aefa,2022-09-25 18:12:00 EDT,0.00298283263375
f483c57ee047268e178589268da45c,2022-09-25 18:12:00 EDT,0.003777651903266667
b791df639b4ed79de4ef524f8f78a8,2022-09-25 18:12:00 EDT,0.0022363770997
e3ea43695442838785b9cb39b68d0d,2022-09-25 18:12:00 EDT,0.0045903062673000004
935b67bf704cabb877009c1b657de9,2022-09-25 18:12:00 EDT,0.005824112428933334
3aca68b0b24fa5a01a123224d6cddb,2022-09-25 18:12:00 EDT,0.006665114728750001
3ba6aa80d24f5ea5d8e1937bf598f2,2022-09-25 18:12:00 EDT,0.007657505497066665
97c67c30084b48aed38a0423a22fa6,2022-09-25 18:12:00 EDT,0.0018337736919166665
1721c3af134671974049da9cbe2172,2022-09-25 18:13:00 EDT,0.0028201090333000007
4b02431efc429bb2765126c3b20f45,2022-09-25 18:13:00 EDT,0.00111130572425
aff4aef2324f4887c36b213548236c,2022-09-25 18:13:00 EDT,0.0034164850529333334
065127c768456aa636217841f23983,2022-09-25 18:13:00 EDT,0.00074752074215
c968fbc59643a894c6f0b97e9a8288,2022-09-25 18:13:00 EDT,0.005757679571333334
6a224fc43e4fd5b2bf7db583d190d7,2022-09-25 18:14:00 EDT,0.0008113349520666668
d56e37a0c1469690e544983a2dbe9d,2022-09-25 18:14:00 EDT,0.00121540622595
fd1742ad8c44328a9759eb92e1f836,2022-09-25 18:14:00 EDT,0.0028472283536
3a8cf026404df6baa6fcad61f654e1,2022-09-25 18:15:00 EDT,0.005831013623516667
8f63689ac64e87b08300d205ae30f1,2022-09-25 18:15:00 EDT,0.005895330259933333
76a2007cff4f718c1d6dc89bdca028,2022-09-25 18:15:00 EDT,0.008854872360600001
02396a55474c0daa557989c2becc50,2022-09-25 18:15:00 EDT,0.0030208760344000002
da8a873cd746d59e7d97eafa4e55f2,2022-09-25 18:15:00 EDT,0.00121540622595
ca793905664f2ea0aa10c9b4c09772,2022-09-25 18:16:00 EDT,0.002749955701333333
bcc49eeaa84f3ba58aaef79b914cf7,2022-09-25 18:16:00 EDT,0.0045903062673000004
6358b778014bb8b54f6f1d70610fd3,2022-09-25 18:16:00 EDT,0.003196608337666667
fa4ca19e58463caef955e96b4ff8fe,2022-09-25 18:16:00 EDT,0.005501775729416667
b28bb1c8eb4042ae5d6f804cad6de7,2022-09-25 18:17:00 EDT,0.00658153105795
3cf2c1178344e0b7e890628eb63129,2022-09-25 18:17:00 EDT,0.004925468147266667
b3b3ec43fb4d958953217751f7e304,2022-09-25 18:17:00 EDT,0.0008113349520666668
324c4cf21f4b7eaa7b8c443b5d78f1,2022-09-25 18:17:00 EDT,0.005678826026249999
9b9ab1ce9f41e5b85db4ed8ad69bda,2022-09-25 18:18:00 EDT,0.005086106897616667
81accc0ac446489ea4c696a09af46d,2022-09-25 18:18:00 EDT,0.0022363770997
d567a5888e4fd7bedeadfc8bf8bb2a,2022-09-25 18:18:00 EDT,0.01280096999503333
3f36ae8e814596b233a320727a8db4,2022-09-25 18:18:00 EDT,6.492861024e-05
338f8a22fe49499b99eed041970455,2022-09-25 18:19:00 EDT,0.0034164850529333334
90ef0d20424b3b97eecb74de7bbf73,2022-09-25 18:19:00 EDT,0.0016373633925
6f9c8fdc804c1bbee5c454628cc33b,2022-09-25 18:19:00 EDT,0.005949546288783333
e3815ab826475db6a0219ed78812c3,2022-09-25 18:20:00 EDT,0.00400104755525
c49238d2014a7192fa41406bf1f39a,2022-09-25 18:20:00 EDT,0.0040342989604499994
3e2919edc14200bf1e0411d3b9160f,2022-09-25 18:20:00 EDT,0.010819017984133332
622e76e3694aad86528c93fca1e9c7,2022-09-25 18:20:00 EDT,0.004334947741549999
10c89644e54e3590c0085efa3ef57c,2022-09-25 18:20:00 EDT,0.0028472283536
6b6496c5754ec29262f635c2ec53cb,2022-09-25 18:20:00 EDT,0.0044552637814
8c75ed977a45c68ce51f92eb98f0cb,2022-09-25 18:20:00 EDT,0.0018337736919166665
3e734bd9bf44668c7668dca60ce0c6,2022-09-25 18:21:00 EDT,0.0028201090333000007
8b7d439cb14e539a098c80eecd9214,2022-09-25 18:21:00 EDT,0.0030104602210666667
a218c3c329442caf25e19834e22dbb,2022-09-25 18:21:00 EDT,0.005824112428933334
9f9b4dac834781bc3e373fe23210e9,2022-09-25 18:21:00 EDT,0.00040058651249999993
09c14c1eb7425c8404686c233f2680,2022-09-25 18:21:00 EDT,0.00118337917305
07689aca72448c8e4f452662457912,2022-09-25 18:21:00 EDT,0.0036630842083500005
f2f58092114116b547a1653c1818e0,2022-09-25 18:21:00 EDT,0.005949546288783333
97dbc919fc4076bd498c6d1b7c233a,2022-09-25 18:21:00 EDT,0.004209894503566667
7c703e11234d7895ccdb5009262786,2022-09-25 18:21:00 EDT,0.001724380281
26ae6895b44fc3b3d9e8cf1341df24,2022-09-25 18:22:00 EDT,0.0014854551659999997
5e1055c41e4d2d99db3c6ae37c63e3,2022-09-25 18:22:00 EDT,0.00305874176985
b5c0a9392d4048a3751fe819b90add,2022-09-25 18:22:00 EDT,0.0015338206305
d2584f72a34f848095c7ba2ac94f78,2022-09-25 18:23:00 EDT,0.0009955198375999998
bef02a55654e7d8692727c0e98fb98,2022-09-25 18:23:00 EDT,0.009567340813333334
12dda05e4743129026149dc806a188,2022-09-25 18:24:00 EDT,0.005715900913433334
67cbb5eff94b2681bfad764e2a7580,2022-09-25 18:24:00 EDT,0.0022363770997
fd69661827450991f5f3d9f1b6469d,2022-09-25 18:24:00 EDT,0.004563546194833333
0f94230a8a487592ef0a172d2c0c8b,2022-09-25 18:24:00 EDT,0.0019534559616000004
57982f03604051b7db4c09c4b684f2,2022-09-25 18:26:00 EDT,0.004169590787816666
56b40b28fe4c7eb278a12dafee928f,2022-09-25 18:26:00 EDT,0.0019605730126666665
458aaa92e34b90ab83b75c046a2a2e,2022-09-25 18:26:00 EDT,0.004541896171416667
664784661e49448bd8f08471773eec,2022-09-25 18:26:00 EDT,0.0039155938269
254039660e44fc857806ec647b3cf1,2022-09-25 18:26:00 EDT,0.010819017984133332
eba38008d94a058732ca1ccdfae359,2022-09-25 18:26:00 EDT,0.0045903062673000004
3b67dc6a7d4fa39c433aaaacedcf1b,2022-09-25 18:26:00 EDT,0.0030208760344000002
19ca28d7d04b84b0b1d48ed1f9d1f5,2022-09-25 18:26:00 EDT,0.00040058651249999993
9e414378c54971936a9b7825cea0aa,2022-09-25 18:26:00 EDT,0.00462574814275
7aa0dd87fa47e7a9d9bb7041c716f1,2022-09-25 18:26:00 EDT,0.0012131320832000003
8abbe0518a49be9c6598cdae30e2ce,2022-09-25 18:26:00 EDT,0.0036630842083500005
a9b4aaac504480a1e4219eb86e86a8,2022-09-25 18:27:00 EDT,0.0032708156244999997
ab32e78f17421ab270971cd69e4e01,2022-09-25 18:27:00 EDT,0.003196608337666667
79abacab8a4f479e390ccdd748250e,2022-09-25 18:28:00 EDT,0.005831013623516667
28a8bf81d444aa92cc4fef5e5fe25e,2022-09-25 18:28:00 EDT,0.004925468147266667
a2b201e16a40148f16516f1d690d4b,2022-09-25 18:28:00 EDT,0.0023912616475
9b58efeb6d44e49d1bdbb086f2c4a2,2022-09-25 18:28:00 EDT,0.007130030870916668
31bd580f014161bcb0a2f57715e5d8,2022-09-25 18:29:00 EDT,0.0022363770997
b7a2b8e1ba4bedbb0cb28d73dc3d79,2022-09-25 18:29:00 EDT,0.0019736959297999997
afba86c910401ca51f6fa814c44119,2022-09-25 18:29:00 EDT,0.008854872360600001
2da3ecf0be4552a9d489abdf975241,2022-09-25 18:29:00 EDT,0.0029083473328333333
ccf8a0b35e4eeea679a89479029ed2,2022-09-25 18:29:00 EDT,0.007836064036166667
6e3804eeac486d99c46c4b435c6183,2022-09-25 18:29:00 EDT,0.0052202593005
2ea4da03884111ae8c632ff699a041,2022-09-25 18:29:00 EDT,0.00074752074215
305f2063504716a8a2daf2ac602886,2022-09-25 18:29:00 EDT,0.003161628225
e1355ab6194eaebb6bea782eb5b767,2022-09-25 18:29:00 EDT,0.005678826026249999
db1bebf4454d259acbddcd0cc1bf55,2022-09-25 18:29:00 EDT,0.003616614239266667
546ffc97ab45ca95fff70c011b3021,2022-09-25 18:31:00 EDT,0.008854872360600001
aa04c79641412cb96c95ebcb1c1b67,2022-09-25 18:31:00 EDT,0.007657505497066665
8f3fd8b2864151bbfa375a02e6ab2e,2022-09-25 18:32:00 EDT,0.003161628225
20bd9823c04f428e7949f06b04c52f,2022-09-25 18:33:00 EDT,0.0032708156244999997
af35aeacb44177be08c3e45cb35085,2022-09-25 18:33:00 EDT,0.0073947918221999994
17ea1755604074802b13a4385b973e,2022-09-25 18:34:00 EDT,0.00400104755525
64a430aff34b069a177802b2cf1288,2022-09-25 18:34:00 EDT,0.005086106897616667
b219226f834fecae1150e7384bd2f3,2022-09-25 18:34:00 EDT,0.0028201090333000007
338c65444f4f398a514587b8023121,2022-09-25 18:34:00 EDT,0.009348584647750001
c76c85c8984084b6f51540ffcf7b56,2022-09-25 18:34:00 EDT,0.0036630842083500005
df6389f7884b2dad3d81bffb50cd79,2022-09-25 18:34:00 EDT,0.0058998274452833335
34810beb84421ab6e329c9baa96454,2022-09-25 18:34:00 EDT,0.005664197160533333
733888db2740e3ab4c4638c2e1d9f7,2022-09-25 18:35:00 EDT,0.0028201090333000007
0677b2fcdc4176898af2371c0c39cb,2022-09-25 18:35:00 EDT,0.00298283263375
b7054f3c654b9a9b157c22da96ee9a,2022-09-25 18:35:00 EDT,0.0013996782788999998
66840128984a9eb54a6cf598c2a7f4,2022-09-25 18:35:00 EDT,0.0005116944884433333
e7dfe1db664a3cb00b8dd8b75c91d8,2022-09-25 18:35:00 EDT,0.004541896171416667
f18b59249644a8b05139505da83d6d,2022-09-25 18:35:00 EDT,0.003457493961
ad40bfc0a74f3e98d2298ffb823941,2022-09-25 18:35:00 EDT,0.007657505497066665
be7483f9704e35a162a5cab92dbed4,2022-09-25 18:35:00 EDT,0.0028472283536
fd3013ec4b4430a3f052c75c60d930,2022-09-25 18:35:00 EDT,0.0015338206305
835ac79fc648e69807066c10e2d849,2022-09-25 18:36:00 EDT,0.004334947741549999
405659d82d4b55af07971e011dcfcf,2022-09-25 18:36:00 EDT,0.00121540622595
fdeb5a96094bcfa550b72faefa9964,2022-09-25 18:36:00 EDT,0.00305874176985
be4f62ca614bdea97dc877dcb0ba0b,2022-09-25 18:37:00 EDT,0.005831013623516667
5627b92f884dcd83dd6192d2822dc7,2022-09-25 18:37:00 EDT,0.005715900913433334
d53850f2234f868285e3ac51ed1d63,2022-09-25 18:37:00 EDT,0.00400104755525
dda286d0a044089508f06124092bbb,2022-09-25 18:37:00 EDT,0.0045587535941999996
bf04ca3c1f41f0b5376ceb10e29dd7,2022-09-25 18:37:00 EDT,0.005086106897616667
2d17c193ef456e9974a546af972245,2022-09-25 18:37:00 EDT,0.0014854551659999997
4b5faee5be4d70bc780303eba9e09a,2022-09-25 18:37:00 EDT,0.003777651903266667
545badddac4f33a1226420ccf22387,2022-09-25 18:37:00 EDT,0.0007241058528383334
a2b9c05e5d4bfdbd8ec305fffc8151,2022-09-25 18:37:00 EDT,0.005374562518
6b24e73ed141d7abc8f6ae210cd0c1,2022-09-25 18:37:00 EDT,0.002749955701333333
4c464d7ea9475cbb9aa486824249b7,2022-09-25 18:37:00 EDT,0.0032708156244999997
29c215f66a48a6a45e4786c49e1c97,2022-09-25 18:37:00 EDT,0.006944393966899999
bfa0d3856f467d814b775d7bc23072,2022-09-25 18:37:00 EDT,0.0040342989604499994
406a41c55f49d494268be71df45f02,2022-09-25 18:37:00 EDT,0.0039155938269
4d893620614b9fb835427ba2952df9,2022-09-25 18:37:00 EDT,0.0019736959297999997
216bce5a704a5da99f849a9012298a,2022-09-25 18:37:00 EDT,0.006502024655416666
4af109f9724ca18fefb016311e4d0f,2022-09-25 18:37:00 EDT,0.010819017984133332
3a03d972aa4a4f9444f93b95ccf617,2022-09-25 18:37:00 EDT,0.004563546194833333
d808366d434dec8a0a36778bbeb0bc,2022-09-25 18:37:00 EDT,0.0017987555922
a05bf916e841cf9fa82597e08bafca,2022-09-25 18:37:00 EDT,0.005743263659383334
78024889dd4071a70d993f97f288d8,2022-09-25 18:37:00 EDT,0.00026242463853333334
a70555717b473ca882809ace7b4fb1,2022-09-25 18:37:00 EDT,0.005895330259933333
be556ff6904175b2a1561077e854c0,2022-09-25 18:37:00 EDT,0.00111130572425
7305baa50f469c9fcdd292d7ef9a10,2022-09-25 18:37:00 EDT,0.0010718508342
7b863f57c44f96ad52cd7563e11c2c,2022-09-25 18:37:00 EDT,0.0029083473328333333
6f8cf2d32b4c5980340176e19dded5,2022-09-25 18:37:00 EDT,0.004925468147266667
2352f371914340876aebcb136b4448,2022-09-25 18:37:00 EDT,0.0045903062673000004
0f5f49ba6d4d279d9b29a103012734,2022-09-25 18:37:00 EDT,0.005824112428933334
0bfc968ee94ad7a366e58bd7d66ced,2022-09-25 18:37:00 EDT,0.005296658743999999
a5931bfab14ccc91a38d8e3e88eaee,2022-09-25 18:37:00 EDT,0.00040058651249999993
389db8828949ebbb6b09597b68ea7f,2022-09-25 18:37:00 EDT,0.007836064036166667
dffade02cc44338542427c7499c9d2,2022-09-25 18:37:00 EDT,0.0023912616475
74dd299bdf4eb0a82f915d0fcb887d,2022-09-25 18:37:00 EDT,0.00387982779405
acd81c73c3412cb1e1c6f7b37f1c83,2022-09-25 18:37:00 EDT,0.0008113349520666668
80d5f655104766b942193d5bb30912,2022-09-25 18:37:00 EDT,0.00462574814275
a723dde3f34b318b414f6bbf405268,2022-09-25 18:37:00 EDT,0.006665114728750001
649fe53e7e428cbde2bab3ff3260e5,2022-09-25 18:37:00 EDT,0.0034164850529333334
db01988a9c4c66820ade3cf58f2e33,2022-09-25 18:37:00 EDT,0.0052202593005
a711ec39044441a07ccc2d1f8d35a5,2022-09-25 18:37:00 EDT,0.0015576753214166664
aa0fba54524e10a799bcf0e07b4cdb,2022-09-25 18:37:00 EDT,0.0015648649522
f4651400464cfe9b67e15974b97c56,2022-09-25 18:37:00 EDT,0.00074752074215
d263f2324949209d7f711fd95f9f46,2022-09-25 18:37:00 EDT,0.0019534559616000004
4c86a793564be482836f7aa8db23db,2022-09-25 18:37:00 EDT,0.005678826026249999
6aa2eacba64baeb3c6101f1336d22b,2022-09-25 18:37:00 EDT,0.005757679571333334
4b1e7b0d6c4dce9631fce7b9d0fad7,2022-09-25 18:37:00 EDT,0.0012131320832000003
e94f4989dd407abba013e96585c88e,2022-09-25 18:37:00 EDT,0.0073947918221999994
29b969ba004251961567a2e84990be,2022-09-25 18:37:00 EDT,0.0036630842083500005
3177564686437eb6857f28d16a1aa1,2022-09-25 18:37:00 EDT,0.0044552637814
00d203ed464995845a2d72d74adbf6,2022-09-25 18:37:00 EDT,0.005571459684266668
4c24deb6c74281bd98a89d82a3daef,2022-09-25 18:37:00 EDT,0.003196608337666667
8f6c48fe6e47359ad2d2b018d887a9,2022-09-25 18:37:00 EDT,0.0018337736919166665
755e72eee84086b2e290d61c21b1fe,2022-09-25 18:37:00 EDT,0.0016373633925
222ac1cbb14ebcbd40467d12af2622,2022-09-25 18:37:00 EDT,0.005501775729416667
8938f7047c4d0bb7c9e05efce70e33,2022-09-25 18:37:00 EDT,0.007130030870916668
dfd6ed0ebf4d7aa38a926c94ee0dd6,2022-09-25 18:37:00 EDT,0.006935967350550001
1df97656484d6cbf009b2b8c70f3c7,2022-09-25 18:37:00 EDT,0.009188229542266668
fe5b70c57b4cd698e8e15810c97c70,2022-09-25 18:37:00 EDT,0.0007786455587333333
fe10e8e0784f6386c8e667789e076b,2022-09-25 18:37:00 EDT,0.005949546288783333
9c47edf1504cc8aa936b931099fa9a,2022-09-25 18:37:00 EDT,0.0021767355358
934fc04e0c4f74a2aab910b02b192a,2022-09-25 18:37:00 EDT,0.0044621281605000005
c8c7749d59451f8b4fec34c5f422f1,2022-09-25 18:37:00 EDT,6.492861024e-05
a9c390b07e4fd0858ee7af2bbf699d,2022-09-25 18:37:00 EDT,0.0058998274452833335
4f9b2fc96b45b68760c304855131fc,2022-09-25 18:37:00 EDT,0.0066163389733333335
9a0f7e6d754ce6a3abbad60dfcf18b,2022-09-25 18:38:00 EDT,0.0009955198375999998
d564c0105846babce796ccbf9ec1f8,2022-09-25 18:38:00 EDT,0.005831013623516667
5e0a0301434d2bbc0d700d0989c807,2022-09-25 18:38:00 EDT,0.005715900913433334
1571e2e8294152955d92aa07d3cb1d,2022-09-25 18:38:00 EDT,0.00400104755525
6929acfb894ee388813b41538cacd6,2022-09-25 18:38:00 EDT,0.004169590787816666
533d802d5549ca8a6061b27c6bd574,2022-09-25 18:38:00 EDT,0.0045587535941999996
faa45913dd4205884f1e31a7472723,2022-09-25 18:38:00 EDT,0.005086106897616667
75584b4d3b42c5b34150199155e9d5,2022-09-25 18:38:00 EDT,0.0014854551659999997
5393da40fc4e8aad4855bcb2dd3782,2022-09-25 18:38:00 EDT,0.0028201090333000007
6d749929db4434a3bbf8b78e230479,2022-09-25 18:38:00 EDT,0.00298283263375
12cf9b05a94513991fb3c6404bc033,2022-09-25 18:38:00 EDT,0.0015347911392
24b064f4114f8bb2ec4e5bbbd96d00,2022-09-25 18:38:00 EDT,0.003777651903266667
8679aba4a64f849beb85a0bc20350e,2022-09-25 18:38:00 EDT,0.0013996782788999998
435d86f89b4ced9feaeddcc26ed7db,2022-09-25 18:38:00 EDT,0.0007241058528383334
188d1940ca49c49762b07cd6434075,2022-09-25 18:38:00 EDT,0.005374562518
3e6345d3eb4405bf3e4c524524d104,2022-09-25 18:38:00 EDT,0.002749955701333333
0d68a03d7d4f009b70f4959cd628d8,2022-09-25 18:38:00 EDT,0.0032708156244999997
9a2bbfd3894dcd921f58ef86f628e2,2022-09-25 18:38:00 EDT,0.0022363770997
bb0714bed94df3bac9dc226066cd78,2022-09-25 18:38:00 EDT,0.002761560815266666
756c4498ec4960946f2f23f0e8205c,2022-09-25 18:38:00 EDT,0.006944393966899999
ba8a19842b46fc9ee5963ba55a62d7,2022-09-25 18:38:00 EDT,0.0005116944884433333
baa345919d4de998b0cbf9cb16a140,2022-09-25 18:38:00 EDT,0.00658153105795
0f4aa2806746359a515fcc9991132c,2022-09-25 18:38:00 EDT,0.0019605730126666665
256a03997741cca2d48684b36e5994,2022-09-25 18:38:00 EDT,0.0040342989604499994
58e13f846842b78cefbb13b00566ff,2022-09-25 18:38:00 EDT,0.004541896171416667
3ea0fed7904885add8bffb675d7264,2022-09-25 18:38:00 EDT,0.0039155938269
70a3fdf89941d899e6a6c529cc9f73,2022-09-25 18:38:00 EDT,0.0019736959297999997
f543f5a11347b4af7f886210781380,2022-09-25 18:38:00 EDT,0.00026525028022
40da4ed10d410bbb4ee61a2b8eeb70,2022-09-25 18:38:00 EDT,0.006502024655416666
712f45116e4510962075ecec533eb3,2022-09-25 18:38:00 EDT,0.010819017984133332
92ccbb9ce64cd1aa28d8f905d39c9b,2022-09-25 18:38:00 EDT,0.004563546194833333
1305ca33324a8fbd4f3d114bf89269,2022-09-25 18:38:00 EDT,0.0017987555922
95fd7f8d3f489a83e68e5ecf0077e9,2022-09-25 18:38:00 EDT,0.005743263659383334
2070e685cd4304b8c7e8cfb457380a,2022-09-25 18:38:00 EDT,0.00026242463853333334
1e55832c2f4d84a50252e11d5cab6d,2022-09-25 18:38:00 EDT,0.0030104602210666667
d97498be0144a5a0914dcafdf01c5a,2022-09-25 18:38:00 EDT,0.005895330259933333
0c42cc8bca44cebbe6dfa844f841d4,2022-09-25 18:38:00 EDT,0.008854872360600001
680ea3759942d99b8f1245b30e1f5c,2022-09-25 18:38:00 EDT,0.00111130572425
e4cf96f2df4524a2dc5ba6c737b950,2022-09-25 18:38:00 EDT,0.0010718508342
1e434bd3f04867afd25e37c2b40450,2022-09-25 18:38:00 EDT,0.0029083473328333333
238be73ada4fe5bac097176b828edf,2022-09-25 18:38:00 EDT,0.004925468147266667
6d2368800c4ccc934c22469e0f15e3,2022-09-25 18:38:00 EDT,0.0045903062673000004
ff6504bf514c869e82ec419e1e48d4,2022-09-25 18:38:00 EDT,0.005824112428933334
22c585eb644a4b8c3f1a036ebbac5b,2022-09-25 18:38:00 EDT,0.0030208760344000002
3e633dbdd84c1b86da314ab44d2bba,2022-09-25 18:38:00 EDT,0.005296658743999999
69d9ffb94744f689aae51d16e01fbf,2022-09-25 18:38:00 EDT,0.009348584647750001
51a422779b4a2d87699b8d9dc7cc81,2022-09-25 18:38:00 EDT,0.003457493961
5bfa4ea3184fa7801d42bcaa9a4bd4,2022-09-25 18:38:00 EDT,0.00040058651249999993
b73ddb81e94c738b044583cfdb5e54,2022-09-25 18:38:00 EDT,0.007836064036166667
17be389cf940f4829c178c1128a663,2022-09-25 18:38:00 EDT,0.0023912616475
c52cda5c44459ab0617894aaa725bf,2022-09-25 18:38:00 EDT,0.00387982779405
1deaca022c4f3eb7d971c6389830c9,2022-09-25 18:38:00 EDT,0.0008113349520666668
a0736b5151458ba374d368b32e4988,2022-09-25 18:38:00 EDT,0.004334947741549999
b6b3087bbf4e3aa6da5fca83c6171f,2022-09-25 18:38:00 EDT,0.00121540622595
214ebfa47445039bcaf0431df3f960,2022-09-25 18:38:00 EDT,0.00462574814275
f2b780e1af43f7abc758d46fa57415,2022-09-25 18:38:00 EDT,0.00118337917305
110b69cfef492ea7d1f3cd58afb157,2022-09-25 18:38:00 EDT,0.00305874176985
0b2c6ab6fc46f792ff78349dd07cb5,2022-09-25 18:38:00 EDT,0.006665114728750001
60b50ff36749b9a58f2f769a468eb4,2022-09-25 18:38:00 EDT,0.0034164850529333334
145042f0dd44a088b16d15121983e2,2022-09-25 18:38:00 EDT,0.0052202593005
f6e9c9e5e24103acf23298ce64658a,2022-09-25 18:38:00 EDT,0.01280096999503333
456d01f40844819883630fef1a0a9b,2022-09-25 18:38:00 EDT,0.0015576753214166664
eb8d29366c4ecc9bb4d2e543cebb64,2022-09-25 18:38:00 EDT,0.0015648649522
dc03a745e440ada6b23de7721a2403,2022-09-25 18:38:00 EDT,0.00074752074215
8ab4654f6b428eb461652122e0b556,2022-09-25 18:38:00 EDT,0.007657505497066665
f4d5ccb26542b983730cbd035cf805,2022-09-25 18:38:00 EDT,0.003161628225
5c2c2af6d5471081cd8203cc4df47c,2022-09-25 18:38:00 EDT,0.0019534559616000004
aa6149e66444e9a9d0abdf4bcbdb31,2022-09-25 18:38:00 EDT,0.005678826026249999
ca0660e9d64a2ab5615bdf8ea5e5b8,2022-09-25 18:38:00 EDT,0.003616614239266667
0461d5f83241c7bad8efd36d977c83,2022-09-25 18:38:00 EDT,0.005757679571333334
01df770d4a4b6e95c6db26337196a1,2022-09-25 18:38:00 EDT,0.009151346579899999
4edac2922b4dedbac0546600484c7f,2022-09-25 18:38:00 EDT,0.0028472283536
651491685847f883b1e088fe3c9fbd,2022-09-25 18:38:00 EDT,0.0015338206305
b07eb605064645bd7d6995c5766012,2022-09-25 18:38:00 EDT,0.0049276447428
8414ba89b14eed84e42146425fc8c8,2022-09-25 18:38:00 EDT,0.0012131320832000003
0a0956876445558991f684b88e2341,2022-09-25 18:38:00 EDT,0.0073947918221999994
0c3572e11e423cb9daaf522517b8f0,2022-09-25 18:38:00 EDT,0.0036630842083500005
76fec5ac514d0187fec31a25028815,2022-09-25 18:38:00 EDT,0.0045877227126000005
91d92b8d304f9b85da8f8f939453fc,2022-09-25 18:38:00 EDT,0.0044552637814
36c5c0ca5c454ca5e2887f72340fb7,2022-09-25 18:38:00 EDT,0.005571459684266668
a16e593d284fbb84e77fc9bae04ff0,2022-09-25 18:38:00 EDT,0.003196608337666667
ca8417168147f593d5c4dbfc44db6b,2022-09-25 18:38:00 EDT,0.0018337736919166665
39a7da23354174afdd90a80809ca3e,2022-09-25 18:38:00 EDT,0.0016373633925
5d4a63b2b342dc916ef88a13427ae8,2022-09-25 18:38:00 EDT,0.005501775729416667
69f62acea4415f8592a65ac8351b1d,2022-09-25 18:38:00 EDT,0.004299717149583334
0c2d8d021d4852a4dc9a7864e7a870,2022-09-25 18:38:00 EDT,0.007130030870916668
24866df37443a498c95b9617c9e550,2022-09-25 18:38:00 EDT,0.006935967350550001
471aa726104e3b8fb3c51a4e587c58,2022-09-25 18:38:00 EDT,0.009188229542266668
bb53331a0643598338d1c4a0c976d7,2022-09-25 18:38:00 EDT,0.0007786455587333333
ba32ae25b049b2a22cafb872c55c3d,2022-09-25 18:38:00 EDT,0.005949546288783333
0ac6f3000d49d4b8a2d7871976db1e,2022-09-25 18:38:00 EDT,0.009567340813333334
fa77a642ab4b4b97eeabf0ad5c07d0,2022-09-25 18:38:00 EDT,0.0021767355358
fe7b8c951f433991d536a9528e6289,2022-09-25 18:38:00 EDT,0.0044621281605000005
e81457c12e4f36993d290da50fd620,2022-09-25 18:38:00 EDT,6.492861024e-05
97bde7599044f0807e392f766f4ed8,2022-09-25 18:38:00 EDT,0.004209894503566667
70833a50b54a90beed4952b47d7de3,2022-09-25 18:38:00 EDT,0.0058998274452833335
53e7ad1cc8429390f376a8675f3dce,2022-09-25 18:38:00 EDT,0.002976642456233333
1c7b3cbd0e4a00b0f9b9e1b94cbf31,2022-09-25 18:38:00 EDT,0.0066163389733333335
bb0ae46fc2458caa127b9bd74031eb,2022-09-25 18:38:00 EDT,0.001724380281
842256abfa4e47a58c5a2abfc98c7c,2022-09-25 18:38:00 EDT,0.005664197160533333
