auction_id,market_id,resource_id,market_time,price,quantity,marginal_type,marginal_order,marginal_quantity,marginal_rank
d3f1b96e6341bc8305e99b7efac47a,5547132,Feeder_4_storage,1664139600.0,4.679900790983098,48.48833081553876,buyer,905250df9048fd9a33d9aab118a4f6,4.1176605979165055,253
8ff0e886a4404892fe415a47e7310f,27735660,Feeder_4_capacity,1664139600.0,47.239639229167594,4.911218110838867,buyer,83404f6a344ddd9b748ecf5308adfc,5.230756619505489,534
ccff87bcf64045bd8a608e659c97cd,5547132,Feeder_3_storage,1664139600.0,6.9619292092352705,49.95746426527805,buyer,a6f3eba2a74486ac9c342860b0913e,4.740024668563855,733
210b02589f4af8a868b6664b184e28,27735660,Feeder_3_capacity,1664139600.0,36.4487303163921,4.741977266649927,seller,03ef1c566346b98bfa06b1d2b478b4,5.335896245776343,908
03301d0e86470f864facb73df597b7,5547132,Feeder_2_storage,1664139600.0,6.093616339444126,49.62250796481985,seller,645923e8f84a50b3006bb4efa70471,4.933332208839539,707
e556a1a41c42b59917d2c8bbdab937,27735660,Feeder_2_capacity,1664139600.0,54.24186573617775,4.926843030584535,buyer,cb1886604641d7a72803c2c749189e,4.483442657629658,292
96870d4d78436c8f14c5af8732b299,5547132,Feeder_1_storage,1664139600.0,4.972466686010296,50.56929421499654,buyer,98a35273244ef18245b7f4d5c385c9,5.39438466414287,259
bf40ef41094b4984c184bafb4ce4a0,27735660,Feeder_1_capacity,1664139600.0,45.126571637570976,4.328546436260824,buyer,7cd611f1ce4400bc37a765d3b9b4ca,6.025111034964805,44
724cef135544c6bff13c68f4b96913,27735661,Feeder_4_capacity,1664139660.0,57.83438587656649,5.971262181678912,buyer,15113102084ff9a5f065a0360221b3,5.472058759799289,40
38c1bef2304f369af5070fdb5c8363,27735661,Feeder_3_capacity,1664139660.0,38.722248927558894,6.573948737278265,buyer,2ecd9d72784350a8add2b7208241e8,5.982369054811845,367
87ea4fe2ff4c31b1af38e49d9b1e75,27735661,Feeder_2_capacity,1664139660.0,40.50664019987816,4.859788891575986,seller,e9fb8add654ae2aa503d6a7ddd0f8e,3.9280660380567674,367
ef4f5d184241ffad527f56a7a182db,27735661,Feeder_1_capacity,1664139660.0,52.174648637171664,4.930491137915991,buyer,f5426dbaa047ca87548820aee8e577,4.512953964729188,523
256db7938742ba8a82b0a9ff03a7db,27735662,Feeder_4_capacity,1664139720.0,61.52370281152658,4.913615327712172,seller,96085854a641428f748b161fc16c29,5.023776421588368,195
b49be22cfe4df5b4f1f2f129f66687,27735662,Feeder_3_capacity,1664139720.0,44.19315718354225,4.787444737097676,seller,549542146d470685aaa89707249bb6,3.8715258594781545,290
3a8ffb1d9345eea378f3c354a519ca,27735662,Feeder_2_capacity,1664139720.0,55.95232237421357,5.407104558867577,buyer,0c089507034aefb4ae69cfbbcb7ac7,6.22445591663554,679
9bc62e11304b4eb6e4a5107bd2bac8,27735662,Feeder_1_capacity,1664139720.0,51.57836228411634,5.335216164526138,buyer,3bdd661a62454d89e22130ed2c8baa,4.970300627038457,30
e9fdb3b7224c70b296ca1e5ff612ba,27735663,Feeder_4_capacity,1664139780.0,66.83183363371985,5.163358436559497,seller,e494510cb3427abb20978837c1d07b,6.924162872204982,334
e6fa14c17d4f73b24df7c40a0e8512,27735663,Feeder_3_capacity,1664139780.0,54.369128142152064,5.694342911009684,buyer,50aef93755476093bb4145dfe8d1d7,3.93945666692217,328
59f064dab14348b527bf00dcac65f8,27735663,Feeder_2_capacity,1664139780.0,49.947061357133244,3.1482342973871984,seller,fdd94343b740f4b36d04e528c3be5f,5.217754637958706,337
71239f8d3243329f21a4274f99a1db,27735663,Feeder_1_capacity,1664139780.0,42.67699251336705,5.501767720810902,buyer,848a41ebec4325ac2059cb6bbd74aa,5.1907792734133364,833
42f3b25b794abdaa8d68c92ff7bdd4,27735664,Feeder_4_capacity,1664139840.0,38.36138197804323,5.376545488656443,buyer,0457fd11354d64b2c129d749a8012c,4.985581667522818,906
492f174b0d4753a6e0a9cd48d62ab4,27735664,Feeder_3_capacity,1664139840.0,47.11996989547203,5.204287667547444,seller,1cb0301ca047ff99382d69579661c5,5.271587984669866,439
bc63c23666433fa634861b97cca242,27735664,Feeder_2_capacity,1664139840.0,53.43253693890249,5.392101088784593,seller,62503badec4cadafbbced4d3d9d0a2,5.834435385787418,176
8378ad35ac4de58ac8c11c9616bfc5,27735664,Feeder_1_capacity,1664139840.0,49.45630894741771,3.905262886938663,buyer,7aff68523c41449faaec1786deb445,3.996458085848807,13
410d1b38c34ab7a792fa5301159220,5547133,Feeder_4_storage,1664139900.0,4.85983204179508,48.94604474955601,seller,f7542336854049897f6523943eed58,4.677724905830017,85
aafa53b8bb48cba10df613a2ad09ca,27735665,Feeder_4_capacity,1664139900.0,37.30822704360643,4.254449704721812,seller,4151fe3bf24943997f918b59811de8,4.9689238005334335,90
48345dce73435a91c2baff2b19a626,5547133,Feeder_3_storage,1664139900.0,3.4571072283223616,49.739393890914535,buyer,92e01d5dac4082bcb523cca182acf3,5.454280194339,296
2eccabaf884ad48fb102e07db8dca6,27735665,Feeder_3_capacity,1664139900.0,63.999140268513415,4.526172389145688,buyer,984aab7de0402f896be218234e4cbe,3.5236644232548446,302
f15933e7f14f549839c7862ddabbcd,5547133,Feeder_2_storage,1664139900.0,6.073056415291832,50.77905891820056,seller,1453acbc544564a58011939e284894,5.648302079340484,669
c1d030a50544f3a049f3ac5aaab9f1,27735665,Feeder_2_capacity,1664139900.0,48.83465366095118,5.660990807847062,seller,34fde1723e4a5ab721cbbfefe80c28,4.605228089945648,989
5351e4d246414b8e5b7db08d11eb55,5547133,Feeder_1_storage,1664139900.0,5.3623979633391174,50.38967273900373,seller,c0972e4737418b92c9cacd001e0da8,4.992366078890701,211
dd0476832b43829898757636eef72d,27735665,Feeder_1_capacity,1664139900.0,37.44292015614233,5.330249783417021,seller,46d6fc638a4bafaaeb4f56f700e955,3.8408151757579274,755
b977f36f124195ad6b5c50a4eea381,27735666,Feeder_4_capacity,1664139960.0,56.88528627518246,4.77228544768844,buyer,cfd95567434067b8bff65123443a7c,4.340717032329336,844
3711e437b746a2a8d047a057ea79e2,27735666,Feeder_3_capacity,1664139960.0,50.63833759618412,5.194221332186002,seller,d75e4f41b340adada56a50fd7b9195,4.057395832984594,593
a99d0438784670a0ebc99a0dab7321,27735666,Feeder_2_capacity,1664139960.0,42.2191729098927,4.397460295253255,seller,0fc6bc65e5442a9f95e9635aaac1f9,4.27101766589485,124
939bf0fdd648aba2892755f15d04ed,27735666,Feeder_1_capacity,1664139960.0,62.85416896816035,4.901707992805857,buyer,6e80c71dbb468fabd9ce8a9d4b2041,3.58443181516998,403
87266fe1604b9a9070d678cf486522,27735667,Feeder_4_capacity,1664140020.0,53.3047040850777,5.038728544061944,buyer,79ecf155db4452b951770eed02c04d,5.6209218686623466,807
61895713c549319b78d5916b4eee36,27735667,Feeder_3_capacity,1664140020.0,51.21173079351742,4.158276090428391,buyer,54c426cebb4723ab1825e48f8860fd,5.424355764861106,987
83465d63754ddb8b74203cb136feb1,27735667,Feeder_2_capacity,1664140020.0,51.9519339231297,6.555078772478073,seller,786bb1da074997affbb26be39496bd,3.8678608154517997,309
3b1b7e092f40a180e1d98d6cac2c90,27735667,Feeder_1_capacity,1664140020.0,43.452440547953955,4.191340088677346,seller,6f8083dab3460f90b807cde368bc67,4.473193500323268,862
68170e16334da9917b9c372bf755fa,27735668,Feeder_4_capacity,1664140080.0,53.13431793817429,4.360793915824031,seller,f4660c9056450eb886312b5a621330,4.5104563382143,404
40c302dd1c44b49010fca9d9a5fc23,27735668,Feeder_3_capacity,1664140080.0,62.80136301317391,4.709961448021584,buyer,b5bb8fad5b402d989684d43f95545f,5.135833646609131,29
65915836fd4640ae3d3efec2ed5b26,27735668,Feeder_2_capacity,1664140080.0,41.05902221463322,4.930181999717614,buyer,ade4d780de4c7cad27f28f053c1f7d,6.464437421064682,992
2f61512d124df387ce6821b436540e,27735668,Feeder_1_capacity,1664140080.0,64.7527376902893,7.24013640292704,buyer,37de85c3dc455bb443f925193fd0be,5.783786062416252,602
590d78826c4a18b5ee48e553c85f2e,27735669,Feeder_4_capacity,1664140140.0,51.1230662664083,5.515534872866474,buyer,1d666ffe8c4de298d325239d2bed01,5.841059807363302,879
9c56cff22e409fa62c625d052da487,27735669,Feeder_3_capacity,1664140140.0,52.79955475308773,4.445606443578761,buyer,65d4b5c98d498793b334890e4b0b41,5.255940288160445,304
273e5bf2ed4a3da1191e12dacd54a8,27735669,Feeder_2_capacity,1664140140.0,55.16524360072552,4.153718364107542,seller,7d635399354172a1f54b1b20a0bd9c,6.430352136606928,85
f22d8093884775aab55ad71a03e6d2,27735669,Feeder_1_capacity,1664140140.0,63.755425655872024,6.483784792106163,buyer,8359036dea4b5f894cf84d02477573,4.808057842743899,637
b6cfa535ee453a8856c98ff3d0e6df,5547134,Feeder_4_storage,1664140200.0,3.2176551839819525,49.58086246786219,buyer,1b2cba3e1c4b8ea2a1fdc30720e9a0,4.353620412721707,797
01ae37eafc4ccb8c19acd049503452,27735670,Feeder_4_capacity,1664140200.0,31.184994730627484,3.8476156077584776,seller,8cc3287d1648139d099db20c5168e8,5.547681093652777,523
2143f49f384d0da5a069f47f3d9d25,5547134,Feeder_3_storage,1664140200.0,3.6933107824191236,47.82252199918507,seller,c6812afb1e451bbc8e6f9eb5e732d0,4.676932956776766,601
5f28a992364fb599d8f524865bb630,27735670,Feeder_3_capacity,1664140200.0,68.95529141453702,6.235624600185171,seller,367d68d4e041fa931e07c40ce11a67,4.562121737340154,254
c7270b01af4107ac13b72881e1bd3d,5547134,Feeder_2_storage,1664140200.0,5.526360792596748,49.712256937791594,seller,14322186cb4079888cb3c488880aa8,5.168015490764745,955
4b2182425a40a6b9c074ef03aec838,27735670,Feeder_2_capacity,1664140200.0,64.73406089136438,5.685264318295255,seller,e0984e8b8348488f5cd2cfff0a8a4f,5.053155817574468,621
fb2ae26a114982b356812571c1f36f,5547134,Feeder_1_storage,1664140200.0,6.010819073370497,49.385629773487764,buyer,dc4f568f724894808a474ac8451c17,5.139719946121237,359
1677ceaab646b095c1b33e46e17203,27735670,Feeder_1_capacity,1664140200.0,42.373607516352166,4.734806449496301,buyer,1344c04f0a4df7b3552122338a7000,6.281967051122805,442
ce4615528c4c3faa4409935ff16af2,27735671,Feeder_4_capacity,1664140260.0,53.68427054747656,5.199289921174744,seller,64fbfe5e0b45a9954ca2ae74b5d00f,5.959668903924469,916
004cc3635346c3a00ab80675c81eff,27735671,Feeder_3_capacity,1664140260.0,36.640428863989015,4.813844275786088,seller,f2a3de22004aa2b40f1aedd6382dc3,5.225304192734755,562
c93fc0ea7b4fc68d3bd715f8172162,27735671,Feeder_2_capacity,1664140260.0,51.59530313297312,5.29608173225337,seller,45768668ea42dda949ed5ec146ae50,3.478513943967107,941
81c95e4fbc4b01858a8673aba3636c,27735671,Feeder_1_capacity,1664140260.0,42.75226698251046,4.509379779466973,seller,c71bf58bdd4c08a8ee91e2c40eb0c5,4.821554869396364,635
b0b9b705d848a6a8e16818815c7b55,27735672,Feeder_4_capacity,1664140320.0,34.16754340173232,4.17169493414345,seller,2f6f79a6cd4410a4fb2854a991cd5f,4.668630848379746,92
f8b5116dc24b3a93f5867d38338f66,27735672,Feeder_3_capacity,1664140320.0,69.38787396181843,4.996497693512855,seller,b43d88e56649e88ef1a79023c245fa,8.252405691879604,498
0f5d297295498496ecdff26e13ac1e,27735672,Feeder_2_capacity,1664140320.0,50.392863865951114,4.8524286935040735,buyer,f6e4806a10441e98de4eea2d4be615,4.4068613880643746,702
e51290f1ed4908894d0288511816a3,27735672,Feeder_1_capacity,1664140320.0,50.47279793037527,6.330642088334757,buyer,b0528d84b14cdfaac5da0da2687721,6.45011918981618,613
d0c68575ba4797bb1375b871fb5867,27735673,Feeder_4_capacity,1664140380.0,57.753108655288294,4.508693389848375,seller,4b1b21a9404c85aaccaf4e27fcaddf,6.306626867807569,767
2669b8face4b0186632f4eb149976e,27735673,Feeder_3_capacity,1664140380.0,46.343257286358494,4.905229861432159,buyer,f36632e1754f0290694cd42d08a6e2,4.75509564063956,563
5e649ed62e41d4b2c55c80cfbd73bc,27735673,Feeder_2_capacity,1664140380.0,32.35218818749386,5.695394857860514,buyer,137b9bafed41fc867a4509c84a45fb,4.135056275815382,798
952ca6ba3244949ccb8f9efeda770d,27735673,Feeder_1_capacity,1664140380.0,45.6722442332991,5.875987305945811,buyer,ec2b1aea8c47c69aa0119011e00d57,6.796769858359105,597
7bfc686a1443f9ad3f19e34c4a5b37,27735674,Feeder_4_capacity,1664140440.0,48.38554778470586,4.4169450136936685,buyer,4452b739dd4b189eced2f81c940c45,4.217916415680544,913
a1ecb510ce46db973ec2feaabc1d68,27735674,Feeder_3_capacity,1664140440.0,64.45229571550391,5.130985529770374,buyer,e6cd0ce37143e0990c07c29a4c2633,4.335849524351292,105
e12957b3564c9a9894f75e8c11a110,27735674,Feeder_2_capacity,1664140440.0,36.86016475844894,4.889312980152738,buyer,2ab1d60e5f40c09a7512d548dd63ab,5.405270861655988,122
e7bd7199e54d92bf884860281bb230,27735674,Feeder_1_capacity,1664140440.0,43.23434652796901,4.744924726029076,buyer,2b0c4d34b04d139048c45fcacaa153,4.1580086896215835,830
24cbe4f1f240569ce808e78271a8ab,5547135,Feeder_4_storage,1664140500.0,5.057286993346556,50.39026915986532,seller,a0a0fff6a04391adf1dd7943e77726,6.209268178773773,553
03c899590c41cc8b5aae4503ee40d4,27735675,Feeder_4_capacity,1664140500.0,59.036856565047614,5.307631008362636,buyer,47b264e03a4f96a91d2c277f59afb6,6.336899786885571,605
82925346ae42e79b5524daedcf22a2,5547135,Feeder_3_storage,1664140500.0,4.268399214555616,51.3575603540254,seller,3647df54df4330a362ccd01385bda1,3.722336643889828,35
6465e92e914a2da376c29108495ec7,27735675,Feeder_3_capacity,1664140500.0,42.48854817327417,5.223071197812315,buyer,b2f9f0178a4dbaa33e259834a50b97,6.350022400331325,965
fde21bc676496cbd320cee6f092228,5547135,Feeder_2_storage,1664140500.0,6.256767292913133,50.33086635526907,seller,e11a6363404ac694f41bb08d0ebfe8,3.8389886138191924,618
732e895530425ca4124519bf5035cc,27735675,Feeder_2_capacity,1664140500.0,34.129357500932485,3.6915107406950325,seller,6977d5305348518d127c693864a1ae,4.39787876200597,192
5bcd7e3a1d486aaffe8ae64d3b9b7c,5547135,Feeder_1_storage,1664140500.0,5.070797078858765,48.77352044338457,seller,d88e24182d48769b02c5413eded226,5.715627484166636,739
48875d38bd4330ab1be4d0f0efe7d5,27735675,Feeder_1_capacity,1664140500.0,36.66488888337358,5.545358883523551,seller,79d5783e4a4c008799ab525e92cd8d,6.425024797793773,558
1aec95a6094489ad68f0a7db08f9ef,27735676,Feeder_4_capacity,1664140560.0,42.966715182335584,4.831747995224476,buyer,63910c317242b4905c1970c80c5d3e,4.001204779775554,993
85b9276e0b4d2a88a7e3ca40ae5648,27735676,Feeder_3_capacity,1664140560.0,32.9675367735395,6.1450426707023595,seller,79bac7a9b74317977676e93d222cd5,6.30437031659064,736
8e8aa148304e58ab5b6230d20823b4,27735676,Feeder_2_capacity,1664140560.0,37.12032567238047,5.2398588705174385,seller,dd25acbdec49799cb2ff6878ca1fb3,4.782638015055839,660
88d94f369c48d486d52254b5d8e5b3,27735676,Feeder_1_capacity,1664140560.0,42.94621218368128,4.0412094299301815,buyer,afd22a6f1b465295dc4f76cedf04b8,5.895966360680113,639
186d5dc7df4a20b689606b5cdff811,27735677,Feeder_4_capacity,1664140620.0,49.07904581777773,5.402924473392953,seller,8f1f707e0b406caac8e3945b897d0b,5.534891044687544,631
dcf60c7d6749cca0415bbd58712e55,27735677,Feeder_3_capacity,1664140620.0,53.102264255835145,5.337111259016791,seller,0ee0b12e9f461482fd55f97096cbe8,4.46419849032068,391
9aabb74e0347088e552883033286a9,27735677,Feeder_2_capacity,1664140620.0,43.66808397411393,5.181388307777598,buyer,d7aabd7c1e4f84817284395e247e09,4.850759095691891,310
13b1b5e4ea44a78c46f49982185075,27735677,Feeder_1_capacity,1664140620.0,76.78466773743465,5.952601607251335,buyer,3446843e7f4265bfd23725a2d80f6d,4.321017039376022,437
330f4d54104ac7af82720bb70683d4,27735678,Feeder_4_capacity,1664140680.0,54.92040970775823,4.736709885505926,buyer,39883194634b839316e682bc701cbb,5.1169037565242155,438
331bcaafe345129a1cde5b341313ab,27735678,Feeder_3_capacity,1664140680.0,45.77936004201252,4.9112382063190045,seller,4ce8e1a192441698f990df782225b4,5.071478611757284,130
5e05f431414490990c27a835c77eb8,27735678,Feeder_2_capacity,1664140680.0,62.756111956716055,7.41606260721894,buyer,cb5933efee45988c370e192c458176,6.553753162797998,173
c67490fefc4808b91361898f83ff7a,27735678,Feeder_1_capacity,1664140680.0,52.48356070476011,5.638312232916897,seller,cf0bd2b8dc4dde8f75de58363e37a0,3.6916108430472065,596
279e9296ad4030a21f95e7c31f3c74,27735679,Feeder_4_capacity,1664140740.0,46.29354873690096,5.083262159397015,buyer,c20d7ac43242838ebe0f65d6bf02f0,4.670697067667278,92
4df4b65a944c0597e9a9be43d1a76e,27735679,Feeder_3_capacity,1664140740.0,54.29878116622923,4.347665829776197,buyer,e531725f51446c84a32baaf24e8634,3.634138170486854,266
974c6f42234f838e08163def4cba90,27735679,Feeder_2_capacity,1664140740.0,40.40927551591059,4.95112920290407,buyer,b9c2d9752f41a6975a048d8c6baeba,4.659305091729289,769
af6a16910c4a279ad9e70e5dc47905,27735679,Feeder_1_capacity,1664140740.0,49.76309924065813,6.454863706677209,buyer,45d16211264f2d9ee5a2b37b1675b6,5.053269705061252,150
e78d0424e144aca041530330f14a42,5547136,Feeder_4_storage,1664140800.0,5.750631141512821,48.75277027004447,buyer,e536f239ee428ca8b9c005eb4a0cda,7.5530079599391495,391
4ac6ee9d0b4c159ab21dff2f6f4b47,27735680,Feeder_4_capacity,1664140800.0,64.3237764981599,5.592631643933632,buyer,3a4b64dd50432cbe6e6f779b6729fe,4.262293156348035,68
b7e8725bd343bebb3cd6301a9cdc80,5547136,Feeder_3_storage,1664140800.0,6.265864016360593,51.465462427069056,seller,f1e88570834ddd81a3bcddb3bc17e9,4.995432943091011,972
633932d7f743f8aabf86b811674dfc,27735680,Feeder_3_capacity,1664140800.0,49.97114159586079,5.045338193007237,buyer,0dec3dc47e43b4b3c6334b208f382b,7.304048515183538,214
fa34c68275488ca65348ea65b825d0,5547136,Feeder_2_storage,1664140800.0,4.4520851103155215,50.27510962179221,seller,ee6836936345d796c11211b06e2162,4.238833625148714,657
9b86e56e7045ec8d2dd84176c02856,27735680,Feeder_2_capacity,1664140800.0,60.32256996189623,3.7931593697160095,seller,c15a80d04b49c3b292771b4fd261f7,4.974265543032704,702
8fe59e565f446f84e3b07c0a0be874,5547136,Feeder_1_storage,1664140800.0,4.771429215367171,49.84386904388659,seller,f5353404f04dee9bf41d25e0d63ef1,3.6990363138879383,862
35f2b60a65433c8a5512163ed73c91,27735680,Feeder_1_capacity,1664140800.0,60.03125600110479,5.687080247502978,buyer,a234c4db8c41d9911858df6f5f793d,3.571462468496027,420
bb9ad89b504787afea1f361f0f64c1,27735681,Feeder_4_capacity,1664140860.0,50.611905840422786,4.021456763690795,seller,9fc3ed57d545fe8dfa69a188259506,5.216946294683071,93
927122ecfe4407b424e210f4a1e519,27735681,Feeder_3_capacity,1664140860.0,53.05167457645194,4.647967357358726,seller,0965e3b178423d868b0d85da447343,3.140362674285896,807
af21908d6b49b784a4b607d9dfb8d3,27735681,Feeder_2_capacity,1664140860.0,41.9958419341233,6.3375903294906735,seller,c92c76725d479a9921788f652da6b1,4.907925549143423,120
5dba7773c44f55a91ce3b1e3e01e41,27735681,Feeder_1_capacity,1664140860.0,59.33478880822098,4.900726698741342,buyer,488007e24b475ab855dc5f9e9a5d30,4.640607326740435,503
ab1531133745019756d418f10e01ba,27735682,Feeder_4_capacity,1664140920.0,65.72123051203783,5.008730012498003,seller,50aff1e0594e4ea347976374dbc333,4.852624714538159,728
52935b84024fefbc837e16401823bf,27735682,Feeder_3_capacity,1664140920.0,38.43637084105133,5.661419181754534,buyer,f41fb16a504f1a888312cfc2302ab7,5.2949736882295815,942
2fe69f03874792ad4dcc8b0cf430cd,27735682,Feeder_2_capacity,1664140920.0,65.6790548452895,3.6707592585245794,seller,60c0bf49bb47ab9e4590e8425f9ecb,4.848254742194285,251
950a554038422e98c72bd2911acc65,27735682,Feeder_1_capacity,1664140920.0,42.84494223652992,4.119628491776253,buyer,034c7a7fca470190be869f056d8690,4.6461055202613295,570
1754e72a0e4d89a0cc349e1921a5f6,27735683,Feeder_4_capacity,1664140980.0,51.92853880304895,3.6835402434352087,buyer,fa9fc49fe84717a695bd9b0257b201,4.26541116900253,985
23c6d93d9043159a36ef2f13388aa2,27735683,Feeder_3_capacity,1664140980.0,37.07893437101943,5.9599577258543395,seller,d7cca47dc54b9c98e2e12cdfd5f18f,4.801044150023782,507
60c084eab24d1cac2e01767e4740ef,27735683,Feeder_2_capacity,1664140980.0,42.603462743736806,5.391018684262388,seller,b2ef3a091b4fd29ffdeef88a856bc9,5.117731952237298,529
b561458eaf4b4eb44cf34e4b6d521c,27735683,Feeder_1_capacity,1664140980.0,42.68200836843527,4.468978368213369,buyer,9e7540ec3e472ea145ca12d85958a1,5.3621145648980875,714
b0a2e863b142e8b1524f308142e711,27735684,Feeder_4_capacity,1664141040.0,57.59873293886133,5.458422075359651,buyer,aaee709cb34165a0f4e9442fe7becc,4.97906707206398,479
0431a061114ae7816bdb5edc3415a0,27735684,Feeder_3_capacity,1664141040.0,45.727310091570025,6.259602110582014,buyer,6fae0dc28f4c6b9a6de615f0e401e8,3.9897086085874336,61
bf6f538d16426abdbcc7501a10f712,27735684,Feeder_2_capacity,1664141040.0,62.02680242867248,3.7347773678936367,seller,3298c08fd8463f8643fe1b250a5e4f,3.907779124084476,346
c43f46998a4ffdb024c3d66c1666ed,27735684,Feeder_1_capacity,1664141040.0,34.15450852348444,5.524537019277794,buyer,e0cff038ff41f09a11f35c68425744,5.628753260793644,46
cd39bca23a4f838d8b4c37092a4207,5547137,Feeder_4_storage,1664141100.0,5.311417673573449,50.898834418541185,buyer,ce8f84428b4b35b0e1e1dcac3317fa,4.62836175364195,21
3628de63e64d54a75df0fd2c82351a,27735685,Feeder_4_capacity,1664141100.0,45.792110801323936,5.506937381040177,seller,ebed4a8eb2442e9eaeb1601e5548f9,4.3229450376287115,792
58877246634a33b5ef8b6d95c0f15a,5547137,Feeder_3_storage,1664141100.0,6.373466071437029,50.445926206091556,seller,1cf417e73e46928fb6fc066dff5be8,2.51432686099025,170
3658a15614419aa72160e3aea665ed,27735685,Feeder_3_capacity,1664141100.0,46.94377360202711,5.6689216246669245,seller,8e9e3e6b6a4adbabd201a1f6202df2,6.114138042189313,563
5501414f7e4b94b027bcb4c1fd2841,5547137,Feeder_2_storage,1664141100.0,4.913971527134989,50.08655027633299,buyer,b956f9fe1f43819e9173360a49c9b6,5.174315373833143,383
f1920d91cd4fe29966cbbbb61b8ea9,27735685,Feeder_2_capacity,1664141100.0,41.86961905520254,3.163875396416466,seller,42e378f86b46adbdeb46f5e21fcb56,5.103528152906062,618
9f44888cc04eb0893c9f236c06969f,5547137,Feeder_1_storage,1664141100.0,6.4033061697979825,49.64993741397958,seller,429d407e1b4207b23d371314897c6f,4.561871702436432,180
24e8dd3ea74bdab175c6a458296e7e,27735685,Feeder_1_capacity,1664141100.0,36.77940843504312,5.057260936444542,buyer,65875fc2e041499a29661fe39332df,6.21702018624466,829
d84d3ead274ce3b55cc86f0f33347a,27735686,Feeder_4_capacity,1664141160.0,48.53770753171271,3.909214921888796,buyer,40f11514e348baaba1f28f6798c5bb,6.203740196793293,356
81e0f6e6c44487a704c5841c71604a,27735686,Feeder_3_capacity,1664141160.0,64.83617201659877,6.406562452072929,buyer,15cc2dae594678b867e04624f4e73f,5.467529726811263,907
1ec221a256410a89bd05e577c6eb5c,27735686,Feeder_2_capacity,1664141160.0,45.86340291837478,4.308963027808957,buyer,3ab3dd72c9472c8ff9838c59f5953c,5.902755139545399,474
04d548960d40feb1bd6328ad57b674,27735686,Feeder_1_capacity,1664141160.0,54.73588995737795,4.870015573910724,buyer,121819477a45aa97827c55b4f992f9,4.45860765160092,301
7d95079741479bb5715677eba1b004,27735687,Feeder_4_capacity,1664141220.0,42.859765943382094,5.266914446443437,buyer,8b2dcac5b249e699c1c91d142f1b2c,3.818776452696656,97
96c76bc2b04571903d9907dc3a92fd,27735687,Feeder_3_capacity,1664141220.0,59.30744069133174,3.7643380715291137,seller,7b3eb5d86546b4b6cbb9e34be38f1f,3.5262792620928787,586
54cb3e570444c0b15897b5e4bd23a2,27735687,Feeder_2_capacity,1664141220.0,73.43883780198132,5.016711937437842,buyer,06bb1f136a4325b5065e0d1c785944,3.596940992730493,196
6a09c0c1df4570b75438041b2e9555,27735687,Feeder_1_capacity,1664141220.0,46.28642840016336,5.209041159938632,seller,30e75992f748f68c8a7e3e8c9fface,3.728412715032197,235
f21186d29d44e0826fc458e556cc0a,27735688,Feeder_4_capacity,1664141280.0,47.48103077017388,3.3493664621525348,seller,4975108e42408f90e37c730247af39,7.091876871621282,864
9e2ee4faa24d5db3edc9437e9b212e,27735688,Feeder_3_capacity,1664141280.0,61.644445493717015,4.554281906068168,seller,d3606feacc41be8c7d277dece08318,5.6082999318210405,899
64fa3fb54d49b9ad8a57a2491e0db4,27735688,Feeder_2_capacity,1664141280.0,56.993751991893305,4.553561335907282,buyer,cc1260f50b49adb792d441b650a662,3.6007479970982335,86
821537701a42709d093a84041da511,27735688,Feeder_1_capacity,1664141280.0,51.862660260320204,6.595765027413529,buyer,e476f7d6874bb089b50f332f20e624,4.9904709960399485,219
12ed2338be4a08ac80e5f318ab1de8,27735689,Feeder_4_capacity,1664141340.0,50.83631892651515,4.45733429470391,seller,1732136d854b40a6a345e1168e3b1b,4.5462614432473245,512
65d9579d094b30a21c965caeea6eb4,27735689,Feeder_3_capacity,1664141340.0,72.59242352476082,6.4751597937211445,buyer,2873f7acc2483faab00afb92ab9f7c,3.7111826595857127,705
4f1328b5774a0581efe7f5f3a979b1,27735689,Feeder_2_capacity,1664141340.0,46.21210963232788,4.432927292331587,seller,d83b29cbc34e2085a288342f25802d,3.1986231657896766,367
0ec9cbc1ec4b7b9b5571720eeccc3e,27735689,Feeder_1_capacity,1664141340.0,55.08038848776871,4.9931157927038194,buyer,612b6ae56b4e7eb09ae602edfe7b86,2.9903920638449026,877
1186f7a13b466689e10ceefa4e28ea,5547138,Feeder_4_storage,1664141400.0,7.272425637033116,49.11115883918489,buyer,db3ec4d41c42eda764f255798eaca2,4.2262810319938104,308
cc3fcbb13d4fe5b3f495028b44b03e,27735690,Feeder_4_capacity,1664141400.0,54.69217444582796,4.147971819259508,buyer,3fbe5209704b828dc483afa9c3329a,5.040573182129119,767
c129e0d99d41fabfdee18ba4bd22cc,5547138,Feeder_3_storage,1664141400.0,4.598949967906261,49.4348997491923,buyer,fdc34e714b4b60b88a11e83014fff7,5.199111132048527,653
b47475ae3f4b32b392862804159201,27735690,Feeder_3_capacity,1664141400.0,38.72736647149973,5.347774728626686,buyer,4721b766534e4093728ae73858056b,5.450518918421606,645
9b1ee2432b4067849b13fb5d53c434,5547138,Feeder_2_storage,1664141400.0,4.901060076630289,48.6910565425439,seller,92052eb08643169a030a5f604b589d,4.069012367389784,589
3c4a64bc7543c5af5d79e7803a4f35,27735690,Feeder_2_capacity,1664141400.0,60.03523498566843,4.379006832534291,seller,9eac7740cc4c52aab156f0d1892d2e,5.71463135720895,393
9f2db504f144f386402c4819eb70d1,5547138,Feeder_1_storage,1664141400.0,3.7366013223577355,50.306540471036335,buyer,99767f95e7449492706b60ea0244fb,4.206072266162093,600
2c098f823b4ab48f9229e3b29e8f4c,27735690,Feeder_1_capacity,1664141400.0,57.57216808970658,3.9807815655060583,seller,debb05a32b43559807e22c99d8d0be,5.779695327965007,73
286ee088874fcb9869bddde9d9d820,27735691,Feeder_4_capacity,1664141460.0,49.754125801318565,4.72678274912711,seller,a70ba1b868466dafdae8838dff2a54,6.409039025421059,862
17081d706843728b25b5b50cddbedf,27735691,Feeder_3_capacity,1664141460.0,46.12041282521427,4.438686367306282,buyer,5b9baad8d84472ba96df81759a157d,3.0484587097561135,578
2bce36c69245828fd784f15f616f36,27735691,Feeder_2_capacity,1664141460.0,53.2809524212878,4.250940964590953,buyer,c343c3077c439e93ad57c0be252e63,6.404401188698975,464
ab62c5a7e148efb0de7229dcee9ff7,27735691,Feeder_1_capacity,1664141460.0,56.755588689433225,6.766061090447103,seller,741daf9dfa4280b98c6fec21830ff5,5.107523533416001,380
c3657294264ded84e0486786b772d0,27735692,Feeder_4_capacity,1664141520.0,33.61673922572838,6.885456201733168,buyer,c45c8aaf5a4dcc9eba33bdeb5c73dd,4.947850473282479,358
b5d48674ce4be0911339ed0044c99c,27735692,Feeder_3_capacity,1664141520.0,60.68993789163511,5.188621624895958,seller,dd8ce9305045dd99d836110d86ae13,4.920037858957362,0
2546ba65a44f9fb9c2025c1a7e1d33,27735692,Feeder_2_capacity,1664141520.0,48.03580985561175,4.522554381555193,seller,e1d22832b144758c9ac781d183c349,4.18914583674701,971
f0de1ab33b462baa828794d98e88e4,27735692,Feeder_1_capacity,1664141520.0,56.05389841328783,4.240922636624852,buyer,a1eab5fa9a4ac090d50fa90ef5cb16,6.439715156615736,678
0fe8df7edc4a4ab6847823cb7b5167,27735693,Feeder_4_capacity,1664141580.0,43.71767950675973,2.812235999406656,seller,e1a23fbd1a45d7999ba7d40d0c9de4,4.609714571778077,603
3008261747458bb6c497e57481ced5,27735693,Feeder_3_capacity,1664141580.0,60.58990680722644,6.300832138313188,seller,47864249924c65a562b05769ae4e60,5.331024775700944,707
c405f05acf4ee9bc5bd622677b4e8c,27735693,Feeder_2_capacity,1664141580.0,42.4635634944246,6.624444102246022,seller,25740ab601493594461fa6b5232bd8,4.8476707440138895,651
ae3540be9f49dcb0c5f0602b6e0ed3,27735693,Feeder_1_capacity,1664141580.0,47.08906255306869,4.142855244583151,seller,9268e180a34a3aa213f17b9d48604e,6.869383086151812,458
a81584e0a44a1bbedc5e3191f2c20d,27735694,Feeder_4_capacity,1664141640.0,60.371213318593874,4.500182045094509,buyer,f59ec54b644b1282adca62677c793d,4.469313588561828,701
859fbbf1e34e58903e62ed4f09ebc5,27735694,Feeder_3_capacity,1664141640.0,65.85026740898097,4.729796069211702,seller,59be7bd5cf43088695a34e27688703,5.008895115586795,521
e4169ebbb346f28f2c86cd4973de77,27735694,Feeder_2_capacity,1664141640.0,57.559378897743365,5.15474992560557,buyer,fb452b8ffa40ff9bd87e1e59736766,5.395457167549825,261
9db65d9b9a43dda9177e9e798f2c39,27735694,Feeder_1_capacity,1664141640.0,49.866778350093085,5.185163063926457,buyer,8b127ea1c94eaf8952aa006153df74,5.816929903323698,872
05435c8c6c499ab9bd83479123b76a,5547139,Feeder_4_storage,1664141700.0,6.116934470382782,49.40817759793655,seller,b907ee8a3a4b779f9b225ca690c057,5.311093018842877,955
55d21245674a4ca5c4fd6ec0eba796,27735695,Feeder_4_capacity,1664141700.0,58.86971596781045,5.601147494770821,seller,d7849aeef84c54bc59db1a0483f9b0,5.994197845245315,454
bbf946f7aa466d9a9b1c83879d6df5,5547139,Feeder_3_storage,1664141700.0,6.15869738564172,50.545453768967135,seller,eeb85939f44fba8cb1fbce3523c7e9,4.9986741441327585,595
cb8340a67d41fca8b9f02437709f85,27735695,Feeder_3_capacity,1664141700.0,45.25546319089794,4.138298660758403,seller,6b48b1c22b4efcb8a10ac76b443823,3.8386915273952233,664
b18fed584b4f6fa1d1b8e09d654512,5547139,Feeder_2_storage,1664141700.0,5.71205578673574,49.88738105634565,seller,d1e2d2d53e4cb8aeb15214e8213d7e,5.13606689971095,582
492f7958314a8a91790a48461640dd,27735695,Feeder_2_capacity,1664141700.0,55.07305677547247,5.281733647240367,buyer,b7f283cc294dc3abc9896e211f25e4,3.801582212162794,587
ceae82e36445cf8ad90d5b8e64c0ff,5547139,Feeder_1_storage,1664141700.0,4.772423880585123,48.38033923165836,seller,0a26f9ad2b4d13ab5a7904079bc393,5.194944467519142,444
a693879f5f4f4da0e065f7d80bf65c,27735695,Feeder_1_capacity,1664141700.0,63.05083751830509,4.598533182804933,buyer,5d597e363543b68adee0e3810252e1,4.223330076955197,377
6ecd841f1b44f3999f6e620b69b1dd,27735696,Feeder_4_capacity,1664141760.0,32.1691211530412,4.185008037899573,buyer,af350d181942b7b972e1871cd761f9,4.0819553961176,713
e0a1ff50f44a86895a59838c1493fa,27735696,Feeder_3_capacity,1664141760.0,48.61703227197029,4.554258049591618,seller,8b843bffda4d72bdd2336cdb937756,5.65271324578393,921
d5d78e96d3426397e815834acafe61,27735696,Feeder_2_capacity,1664141760.0,47.41925274530557,3.5520726829709908,buyer,517b9a4ad34677988f993b5786760f,7.063400433596046,739
422f83843c45c6bdacbcc371842f16,27735696,Feeder_1_capacity,1664141760.0,45.52871244591458,6.269053430341237,seller,065f483ec444c3b3040e5041a9ad0d,5.296121300881471,777
cce25aaa1b40e98b3c57d2370d4f2d,27735697,Feeder_4_capacity,1664141820.0,49.95462167262947,4.150037545822935,buyer,c01fd8e5f040249f0ecbcff8ca79a6,4.9919924445395925,999
59daacbc5a42309d2150446bd5cbbe,27735697,Feeder_3_capacity,1664141820.0,52.46895234846558,6.583089425058122,seller,4805695ff947969c4f7d06ab6cd73b,4.483036310787098,257
f766bb93044ceeb2422277058cbef0,27735697,Feeder_2_capacity,1664141820.0,53.44417395859004,5.1663257665013465,seller,44c7d7e62344b593a8e7cbe2f4b6ec,6.717934281913074,9
4602689a2c4034bcb9e3a88a6d8a32,27735697,Feeder_1_capacity,1664141820.0,39.918967377555745,4.464313763419919,seller,4db45d9b16499e9478570acc3e133d,3.2203362320054847,559
8ea3f8505d4e7c9b3157abfdc76040,27735698,Feeder_4_capacity,1664141880.0,35.437381231684206,6.490805332313883,seller,176936abac4a11a7fa4afe3cffa219,4.985055273126845,781
ef9b3e8f7b4715971b4712c41f3b53,27735698,Feeder_3_capacity,1664141880.0,58.551050182845245,4.454461273389846,buyer,ea607b9a3e49faa62fd726c2678ccc,5.882599528835369,328
326e62b8684046a2554a4c2e9af9c8,27735698,Feeder_2_capacity,1664141880.0,53.03454359192697,5.397789659716858,buyer,155d6ab2f74a4d80471566c6bc6d0a,5.010276574648023,212
c2d576c9fd4e5681d9c28fae6e7b1c,27735698,Feeder_1_capacity,1664141880.0,41.58775517936206,3.3313774676478642,buyer,180641fef34ba4a108a3b6f52c8297,5.536007169895468,864
e12914c4da49dc8f40ba9fd20eb737,27735699,Feeder_4_capacity,1664141940.0,32.49525338225328,5.307019742572404,seller,e4d571a6094c918f397966455f0587,5.2666333183810075,346
e9672848db4dff9cba0002eddbb80a,27735699,Feeder_3_capacity,1664141940.0,43.435919287852755,6.38851093196174,seller,00826277dc4333af61d00f4a8b02e0,4.26219048649313,838
03982632c5449b8751289922919e36,27735699,Feeder_2_capacity,1664141940.0,44.93597552989575,6.280571600799682,seller,8820ddb91e4af5a4c428d6b07026e4,8.065199454388946,458
e6ba4dcea242f6b8fd28c5c25525ee,27735699,Feeder_1_capacity,1664141940.0,56.21786022399067,3.0495833452859555,buyer,ab9767a92c43deaa87bb76d722ce55,5.42835208558573,931
03d8afe94a4222a10bde7c7d09cba8,5547140,Feeder_4_storage,1664142000.0,3.7129628915228103,51.22311921927344,buyer,90dd87c2bb4a1fb93c7a176f98db8c,5.719209837229259,231
615aed7f474a55b9772dbe39c9c8bd,27735700,Feeder_4_capacity,1664142000.0,33.1615484714366,3.614176905543007,seller,a4fe71013447dda7e1f80f85496eb0,4.876173487334197,283
25fcbf273541b38b0309a054778428,5547140,Feeder_3_storage,1664142000.0,5.630342261723769,50.65351289007515,buyer,9cb725740945d0bd1ddc82fbb0b95c,2.8144092335814452,764
eccb26c281446da8278db0e39a442b,27735700,Feeder_3_capacity,1664142000.0,58.43162657072,6.0916809799161555,seller,cc7bbfe7924f8c85008f056c6736d8,4.221879942660696,708
e97fb52bd843fb857cd1acfbaf71d6,5547140,Feeder_2_storage,1664142000.0,3.9741300977655887,47.67967874085081,buyer,ea1021b479486e8bc46c08d8744b3f,5.9351735712112035,0
97991efba04d41b17447e5c2bff1aa,27735700,Feeder_2_capacity,1664142000.0,66.35474727889994,5.300534621023299,seller,015f9b794e47e2b467f7c092cd8c4f,4.719258626220271,567
68dcebb3a14ab7b5e05fbbc1e2e1a5,5547140,Feeder_1_storage,1664142000.0,5.959963879402613,51.480889792801534,buyer,18d17c0f9144f78fc4e02049deb045,4.267179795818691,974
14cf4edd5e4d9ba5caac827a45defc,27735700,Feeder_1_capacity,1664142000.0,47.02004917793999,6.60583128455173,buyer,6ff0aa21694c629682809c055388a1,6.0084485253786415,4
8864b3ede8490f9a022ddb590fb622,27735701,Feeder_4_capacity,1664142060.0,51.92632561066318,5.34882525825538,buyer,88af3094ed4306a887a0075fd92be0,5.208844336957096,165
bc482e76d8481eb0ebd574a7491082,27735701,Feeder_3_capacity,1664142060.0,66.97655501783603,3.5816857403084184,buyer,656c159c0c4b34b6ec61080f861950,3.559640489715605,843
f32bba5ff648f7bbfe8c00eae750d3,27735701,Feeder_2_capacity,1664142060.0,39.443177459861474,3.3261894120409545,buyer,c1c99c27414e3b9c052d79d6cb25ea,5.859395332755002,364
d9d4ef98c24d8c8feedac774f7c6a0,27735701,Feeder_1_capacity,1664142060.0,47.28800633476946,5.14349757568646,buyer,88aa0481134ea3a0504f1d48565f27,4.5482188894652875,811
8d75f84e0443d1bf629ce6dc7cc2c2,27735702,Feeder_4_capacity,1664142120.0,30.242571930128296,5.392615066997806,buyer,64bd3c66ac4d1eb0a08d52a340cd4c,4.524520900234352,258
10e1541f254c66b606a723ae033338,27735702,Feeder_3_capacity,1664142120.0,33.000915751356786,4.9272230782771445,buyer,46e3a39b66492d8e719389bfd5f7d6,5.76097257840748,734
fd41ab54ec43ee96f219fc370c3d6e,27735702,Feeder_2_capacity,1664142120.0,46.212913357818486,4.199751592167737,buyer,d832fad441474ea9cb50d69d2f5a65,4.8602131346873225,311
a2af3e95d8420e89274a45ce77b55e,27735702,Feeder_1_capacity,1664142120.0,37.12665318443173,4.077125142218701,buyer,8828500ca34e77a8966a04ee0ddd72,6.708873799310423,872
618b12bb264f8c808cd35707fa6856,27735703,Feeder_4_capacity,1664142180.0,40.911886060708234,4.3929656341132475,seller,e3086eb7b24f2b8ded279d2c01fab2,5.1218661987201575,361
87fb63186e452b8d5e238a6ebd148f,27735703,Feeder_3_capacity,1664142180.0,38.03740581185462,4.317827248711874,seller,a6bb1555c947e39cec948cd977c63e,5.759439371021537,262
82fc29b5634d7a85b1473919f04f09,27735703,Feeder_2_capacity,1664142180.0,43.81303253608595,5.367123856061017,buyer,1c287dbfd34ab1925d8b9ca56bc8d3,6.876618597668008,11
df8495e00d4a63b17dd5b70f1e73b0,27735703,Feeder_1_capacity,1664142180.0,64.54281954157835,7.563152603208588,buyer,631781609d43aba35cc867325c0919,4.2038558544542575,170
bb585475174e58b7f3dde264e1241c,27735704,Feeder_4_capacity,1664142240.0,57.672060423901996,6.841856724793008,buyer,f839c240744e2494c34297bbce7b80,3.888496445535857,496
24dda8c3a14d9e9a19c799b84f3678,27735704,Feeder_3_capacity,1664142240.0,51.18247300208835,5.416189575754641,buyer,1c2dd5fbfb4a93884cfc29e2972b33,6.282610882837013,143
53775fdecc48029f52bab4339f1735,27735704,Feeder_2_capacity,1664142240.0,46.50411408760454,5.009361181046092,buyer,a5539a944a48fd88f5b81e221b147e,4.843403081861198,239
c2392daa6b4ee99187798a5f684046,27735704,Feeder_1_capacity,1664142240.0,75.38311870315135,5.404572597073618,buyer,42b5e72d014107929b3edee04e52ad,5.532564228331279,656
a50c9889134145a8e8554c26e6ffc5,5547141,Feeder_4_storage,1664142300.0,4.103420239567294,49.82506019286029,buyer,8bc4c8c67141cc96a34aadca008b6e,4.81317622198016,48
23365f37b1497b87ed6d78c25a5fb2,27735705,Feeder_4_capacity,1664142300.0,61.64716620839978,5.941943899604279,seller,32b43c708342b4a8ae1de475be669e,5.929932603080397,87
fb29eaee254e34a3c851927bb4d8ab,5547141,Feeder_3_storage,1664142300.0,6.105832278326494,50.50303498202839,buyer,7ddd6c598949fc977fd2ca9395bf10,2.887773350555038,840
3c92a4ef564476a97bde3f520783fd,27735705,Feeder_3_capacity,1664142300.0,56.583901011248614,5.345575656685562,buyer,87eee6299f4555bf05fd1e1bc78867,4.638290057042158,585
7ca0bf2991473b88b76340bc99c1ec,5547141,Feeder_2_storage,1664142300.0,6.295701723481669,48.33348114414951,seller,b04c2b6f664dfda07db689fde968aa,6.310808185770373,472
a07d412e094f859b5d17728490cdd3,27735705,Feeder_2_capacity,1664142300.0,45.5081973116736,2.5090146541231233,buyer,54b267fe2d4e778a5a4f612a141ba1,4.607095303397543,434
ba1d62773a4a34ba88df61face9952,5547141,Feeder_1_storage,1664142300.0,4.899527140062632,49.48985865789417,seller,431c72d1ce40358fcb99aa8b6104c3,6.248688970769746,758
d24abcfc2e4465bbe28b91bccec4d6,27735705,Feeder_1_capacity,1664142300.0,63.27379241118567,4.681303310361,seller,c1257d46234b22bb9605b0ca7b0c16,4.1805568755964515,229
4c596a3cc040c3995f194074cc7196,27735706,Feeder_4_capacity,1664142360.0,50.80476086119159,5.282290691086251,seller,de2112bf14406499a39067b40bf2dc,3.3646692277645216,132
cde37b56da426a91316c85175c541a,27735706,Feeder_3_capacity,1664142360.0,37.92627246966761,3.717030460810099,buyer,1541e1cd5e49b794ad25387d388d13,6.852551511484596,403
1fa28c28cf48d1856d854a7a5f6337,27735706,Feeder_2_capacity,1664142360.0,46.368317532040194,4.904511366537256,seller,18c225924c45618baf2ca1a67b9111,6.634267580022048,506
5cd1f88a644898a7d7b5952b6b834c,27735706,Feeder_1_capacity,1664142360.0,46.64235513976213,4.47058342338279,buyer,3fb4f26ee94ca392cb2a5907e197b2,3.9339561416587006,209
a58fc3a72b41c9aeffcc0f61d4a96c,27735707,Feeder_4_capacity,1664142420.0,53.05330922658148,5.656067815334195,buyer,e737a877e94b4dadedbb7e691c04f9,4.399633689860305,29
688d28ad7249f3ba9ff0f9af5303e5,27735707,Feeder_3_capacity,1664142420.0,53.07074115553355,5.390938805960301,seller,13aeac6c744c6b8f879e7a3306fe37,4.801089722440409,610
bff23bbef640dea616d94fb0983b1f,27735707,Feeder_2_capacity,1664142420.0,44.95477303882141,5.62114092266039,seller,333959104e499b91bcc49c7a704999,4.350101056134084,681
081cadf4694a3c91caecb65ae1d82d,27735707,Feeder_1_capacity,1664142420.0,60.33906897904624,3.4609721256284827,seller,42cd9f9aa44ebf9621c7a2540e41b7,5.897078300700204,900
110376bb414afa88733840c3d8c9f8,27735708,Feeder_4_capacity,1664142480.0,50.10852531746932,4.1592011715351145,buyer,193e91f5e64587834874c7de5c1e2c,7.170234171748493,446
ebde521bd84b649680c7d1c252238e,27735708,Feeder_3_capacity,1664142480.0,47.55350811273972,4.939811964179864,seller,e16780623c445ba60ee9b365f2ed9a,6.741049265797152,27
7ffde16ab34c4b91a87aae510608a5,27735708,Feeder_2_capacity,1664142480.0,44.07971683921859,4.4832319534421545,seller,1a100131004d94a3223058ddfdef6d,4.446134251085995,567
ca198fb7f14a6ebe42a4fc989d4d30,27735708,Feeder_1_capacity,1664142480.0,58.17298309705688,6.847630807154278,buyer,202070bb9548ee9e37dec80f64a4b5,5.01680770779667,893
2a9d0aff014e68aec7e24bef6a7656,27735709,Feeder_4_capacity,1664142540.0,18.391563891390934,5.744849917619211,buyer,c0f33fb76f462db0aea870efee0a8a,5.425419899134025,257
868c9184d64cf1bba6fcab8d8229c3,27735709,Feeder_3_capacity,1664142540.0,32.894357080114276,6.502598464504648,buyer,db7334712a47b38cafc9710f4f0d35,4.2952554384644,375
5cf5e4f76749608eaccdcdbcabc0a2,27735709,Feeder_2_capacity,1664142540.0,35.52219166762862,5.821300634026229,seller,a79550ea9b4cf7910976b02fa0d4ba,4.576213318369413,535
166d249be34e93be3ca804953bb8c2,27735709,Feeder_1_capacity,1664142540.0,43.47005508547364,4.450078673365764,buyer,c3cc0671f2413a8e4320dc18d8b94d,4.771867537013223,587
0dd96ff4fc47fb95598b928f3781b6,5547142,Feeder_4_storage,1664142600.0,4.015030082147581,51.98525750465767,buyer,08866e9f624681b032822e62559cd2,4.091222721107883,421
5f240595cb4f76a3e22e182741a7ac,27735710,Feeder_4_capacity,1664142600.0,35.430939377036744,5.5621684724247284,seller,18fd5797eb4592b4c6e87ab7fa0e99,3.7981966882558567,924
e98a25af4d4d88b5200302384dbcf8,5547142,Feeder_3_storage,1664142600.0,5.681996119582904,51.24697364097873,seller,d7bf9d858f4402b3211c3318c47d05,6.046060961376587,226
32955c8ed44b0899d985aa553aa0ba,27735710,Feeder_3_capacity,1664142600.0,51.8427385348744,4.7285499338687025,buyer,74d12efff94f6a905ab04617b252a7,3.854080438668136,658
7acccd21ee4bb98334272ec473ade8,5547142,Feeder_2_storage,1664142600.0,5.9375769355379395,48.9855058348956,buyer,6be8e376b247f7be923d9630428bef,4.58681626845763,841
5c3a5863ed417fb8fa79f194197aa2,27735710,Feeder_2_capacity,1664142600.0,38.647434097363075,5.932817294916533,seller,2db50b7b444d4e91d2715f1fb424b2,5.359183839877862,708
43f18af75741aebc9352cb926e4014,5547142,Feeder_1_storage,1664142600.0,5.334116556902447,50.099305112530125,seller,a2cf0d11bc4a38bbec4556ff0adb20,3.4902017981764915,100
fb34755a4b4703880aaf51051f7173,27735710,Feeder_1_capacity,1664142600.0,48.75213773879067,5.510680501713222,buyer,71d2cc8ed042cdbd95c0f1a6eea705,4.035847664779315,239
80c86438af4119b17ca96f3c896eba,27735711,Feeder_4_capacity,1664142660.0,47.509488163821096,4.841647664431602,seller,0bab604b2b422eab5694c8b9fe2473,5.096602810533614,643
3ab91bb3ef4b5c981572d23a391315,27735711,Feeder_3_capacity,1664142660.0,50.363591088781014,4.246016739514848,buyer,18712af99b4f0b891ba45ed991f6f6,7.59640509787252,235
b3c58dbbf24710b746b7222ae4573d,27735711,Feeder_2_capacity,1664142660.0,48.4985019395808,4.236236425682747,seller,51900e4a0144ba931f44d09b148ac7,5.498472361034651,331
921b701b474b5d9ca0bf80ef85bb63,27735711,Feeder_1_capacity,1664142660.0,42.283627188997045,5.837487961053819,buyer,bd65165bf44aa6b93e65e27351b740,5.640558946760972,782
e5a37e4c284c9d8ad3e609b4358ba2,27735712,Feeder_4_capacity,1664142720.0,51.3433454954174,6.148397763182281,seller,a70cc3247b45adba1aadc80a4d6205,2.632413397223291,966
68aca7ec354c838048329f83292fbb,27735712,Feeder_3_capacity,1664142720.0,55.87960043723534,6.114859960741306,buyer,1210dd94004f04964a67335bbbe77c,4.010594330493128,196
e966868a144880a1139885b3f5db89,27735712,Feeder_2_capacity,1664142720.0,53.20330030599017,4.6910218484380035,buyer,b9615d1e4f408bbd1afafcb1c45651,4.078050200689507,883
f51af45a2544abbfb53a654c0929c6,27735712,Feeder_1_capacity,1664142720.0,51.87091144776161,6.254691539936519,buyer,5acdc7427348f5a48b11a8ff1e4e91,3.083531223857908,611
722d4b492e496e968b7ebf10e3cca7,27735713,Feeder_4_capacity,1664142780.0,49.11297232029434,5.876746878078814,buyer,13a6c08f04453d826f2f9ff4ce25d1,6.538124571082985,865
0afaf3043c4ba1b888915887d9a0f2,27735713,Feeder_3_capacity,1664142780.0,34.688651468816815,6.576689731375887,buyer,ba662debab416a9de17ec9d85068bb,6.527003603817802,263
48c7cfc45646e38cac4a19014b9b28,27735713,Feeder_2_capacity,1664142780.0,45.788645920025886,5.6917076551597265,buyer,0844c964ca4fb6bc88e648af3a9779,4.820860354133277,71
62fc84eb5049a987be9a1c687925df,27735713,Feeder_1_capacity,1664142780.0,39.79487872025693,4.023679724959979,buyer,93b522845d44468ddec2e9e8b2b52b,4.859411669290734,16
661e254b43458fb2f9fffff17dbc7a,27735714,Feeder_4_capacity,1664142840.0,26.102541653430585,5.5816885356143064,seller,c94c8c14bd4377ab7d85725ebbbba9,5.342324144216309,816
0a9d450fe34ae09aaf303f74b861f7,27735714,Feeder_3_capacity,1664142840.0,57.4175470729921,5.958042293414092,seller,f8e58332ce4165973e4e6bc8ff1418,6.079271186250085,993
6d07e59a52453a8ab279a13d98ff77,27735714,Feeder_2_capacity,1664142840.0,43.477744394841416,3.8929509056471967,seller,e28a466b834b27938a8356b7d280e2,4.804682743375321,962
972250804a488a8434dc9580e5734f,27735714,Feeder_1_capacity,1664142840.0,44.87559362893696,5.141150414082406,buyer,5d152a4615412781a5a0a2b25d615c,4.165122542032351,91
58c3c87a2640a4b7404e614bb7dc10,5547143,Feeder_4_storage,1664142900.0,5.7753059725905525,50.20528163947546,seller,8f4cee7ec744b189f98d973aab801a,3.58370508825888,98
d0e553a17a48339c7da8e6e897b106,27735715,Feeder_4_capacity,1664142900.0,50.341262778634736,4.153823867266559,seller,8038d559d84d0e99d3839e4f28a10b,4.903546948033192,669
ddc666dd344c3893bf7013a58cae19,5547143,Feeder_3_storage,1664142900.0,4.827602082109277,49.01337277730798,seller,1562ceaa4e4d9198ae4957e46f2dc6,4.0067624402010225,286
0122471f224f26b5fb4f584efd2d95,27735715,Feeder_3_capacity,1664142900.0,50.6102286107967,5.8833270945849865,seller,a7d85bc4974c18865a1fded0ed2813,5.270892570853084,377
afbb5da65446548be656846ac425a8,5547143,Feeder_2_storage,1664142900.0,2.8640876093796352,50.4495423390172,buyer,ed6eae848c420ba8559875f1c00fc7,5.953893834872728,217
368962741647be9c363507d638b571,27735715,Feeder_2_capacity,1664142900.0,69.04789081584495,5.397171412453453,buyer,17a2532fff473da9ad6f1a94a414ab,6.540601254389367,411
1d9162f56045dc990b05a4f39b0f64,5547143,Feeder_1_storage,1664142900.0,4.302355264018313,50.71454806676027,seller,20bd705a4841aaa01444d43fd31683,1.6579796575541006,254
0e1b8e7dc54e3e997559519924bed6,27735715,Feeder_1_capacity,1664142900.0,43.73771623890974,4.802993923873412,seller,09fa04b8f646e99c4d72288095e753,6.477155754634571,476
720cdf95a2402982c2bd3cadeda5e8,27735716,Feeder_4_capacity,1664142960.0,55.94545558493749,4.3553173017820495,seller,87307efe4b42edacf9cc15db7fc4e8,3.9758924222448204,241
cfb0c2bc0e4ee38b629e86028a2dbc,27735716,Feeder_3_capacity,1664142960.0,50.845774180424755,6.327252440167759,seller,b4b9fce4a9413ab15784ac8f362c3b,7.307096831616813,398
c87af324af4a198f7f650758148cc9,27735716,Feeder_2_capacity,1664142960.0,51.448844592529156,6.079152439716099,seller,28daca61db4333817dcdd8f949b537,5.01469699004719,443
676338d0014c5aabb8b2d072137fcc,27735716,Feeder_1_capacity,1664142960.0,39.21528477338502,5.9286789128320345,buyer,3d0cd5aa9d498f820067d3a6d9d755,5.849527933042771,959
c4f11ce44b4aa6b09385e907befa18,27735717,Feeder_4_capacity,1664143020.0,52.40813775635201,3.7519433993517204,buyer,6301d4c538493b91df7441b16993e9,2.9077635102248744,489
3bc1a830174fc6910a4fdc6af08820,27735717,Feeder_3_capacity,1664143020.0,62.080646698217535,6.18609027520482,seller,a959c449604cc8955c330f2fac349d,5.01674682453122,608
dca8a20594443882642b086dc1d974,27735717,Feeder_2_capacity,1664143020.0,34.35810295427049,4.935661177493389,buyer,ab42b27ff94364b2b60237ad54e6b9,5.005967849170694,684
4a7f335ee4483eb78c4abe29d1d870,27735717,Feeder_1_capacity,1664143020.0,58.20500189748587,5.840955556552426,seller,3445a102784a70a10dca105e4509b2,5.009639479731244,849
a20b46f39c4bb0a1f742fa5b173e90,27735718,Feeder_4_capacity,1664143080.0,40.10651083191417,6.026680769698071,buyer,eef1283df9480b954e8b5e4b7d4f92,5.823121579682925,56
33ea75f88d41f79b2df0e75cf6d0e5,27735718,Feeder_3_capacity,1664143080.0,60.11238604430341,4.0202785325726325,seller,38eb38e567411ba1d0ca63e7fc2278,2.7598293727488312,97
7dbc817c6e451890b35a299b34ddf5,27735718,Feeder_2_capacity,1664143080.0,49.72892388663709,4.55189646699821,buyer,98323effb64b49a2d974776773711f,5.902488623043846,18
0c1845b2bd45b99fe29a5dfcb85b0b,27735718,Feeder_1_capacity,1664143080.0,76.32434878722655,5.247088476263762,buyer,3cfd3939b04e0cb769acedaa1097ad,6.6492898764896085,154
2993bf25ad4eb3a905d5baa826b07c,27735719,Feeder_4_capacity,1664143140.0,48.583680761584645,3.785610334064746,seller,7c3e93e1c84513bc14c4d69ead1832,5.786860119949133,889
8cbb361954487987ddc3cc9fa9f5b8,27735719,Feeder_3_capacity,1664143140.0,48.46130289499533,4.236470198409066,buyer,fd0363e7d84b27991bb1452a3c665e,5.3914438787912475,798
ab676c73ab461abbe6b7038989fd14,27735719,Feeder_2_capacity,1664143140.0,66.18279911401476,4.4829697912554245,seller,72f3191a714903b1967026f9b1d0ec,6.285148079484144,610
58805abba741858ac12b68f53d4eb8,27735719,Feeder_1_capacity,1664143140.0,41.49556009484654,5.277171301672995,buyer,78a2a358c04c1e9cfa9867c7d4c907,3.76422519126976,864
8b271a53d74abda655901df31d5dd9,5547144,Feeder_4_storage,1664143200.0,5.249865676414315,48.86713377507976,seller,193a58aee142d09a73bbf7ab70b4ed,4.8008234409815955,154
2c958d607e48b1ba0d2dbc4b11222d,27735720,Feeder_4_capacity,1664143200.0,31.220484827415234,5.394403442602767,buyer,834553d1f94b92a3fb21fecd2d367b,3.79727398729097,325
350128535f4535a2378019b2b8d4fb,5547144,Feeder_3_storage,1664143200.0,4.334264297643393,49.82073918765244,buyer,f486fa80f649439b120ddd6f433741,3.9417811075280715,776
8d14ad0e73469da5ee52d575601313,27735720,Feeder_3_capacity,1664143200.0,49.11214592568281,5.055124091605552,seller,4c7c749b9d4f3fa6ca5ba181f4912c,4.924371805233471,643
e72362c20e44c69e1a8662124f5c6c,5547144,Feeder_2_storage,1664143200.0,5.264995586273587,49.86282849377709,seller,dad8143c174638af2aeadc1f0414b3,4.865348341992317,533
b4ebed822f4099b137aee245da37e4,27735720,Feeder_2_capacity,1664143200.0,52.228818323061034,5.206844112630272,seller,f948d4fa2c4227a14c9d174ea0558c,3.9225221175456415,47
194cb5f278489d9626f9190e10682f,5547144,Feeder_1_storage,1664143200.0,5.850815312768456,49.98947166606088,buyer,ed829840334edab5fe843bde6d9c4b,4.758047062553611,514
cd5944d5494c59a9ad1b83faf14827,27735720,Feeder_1_capacity,1664143200.0,52.36324092486897,5.34123442894282,buyer,5d1134408d477d87ac59e74994cf21,4.688983883585773,693
105efaa9f9460b9fd0b0d70144a039,27735721,Feeder_4_capacity,1664143260.0,56.13666606911015,5.189621638042223,seller,c09de8ccd04e458cd0d0762e1491d8,5.666591851466317,400
ab3fedf9804cc2bb5bc3d257a071d5,27735721,Feeder_3_capacity,1664143260.0,61.76713109604588,5.631514662368739,buyer,3c8f83cd644423ac47e1a15d96e034,4.176377235421207,287
dbd0a56b9940ed98ce7667751aba51,27735721,Feeder_2_capacity,1664143260.0,56.87138277286635,4.150697769148674,seller,29f470ffcf4f0ab17e5a6aa3c9c97d,6.759415670523781,695
70ec9466da4bfa830f84c3d490e9da,27735721,Feeder_1_capacity,1664143260.0,55.44954351248997,4.83933718855587,seller,a6ac9bbfd1487e87b4558e05796f65,5.8437814501471195,606
9502fee5724a26bd12075a7c636a0d,27735722,Feeder_4_capacity,1664143320.0,54.220497527306435,5.436962419567645,seller,6e070c43fa4b6d9623528e52a13052,3.4120765634963615,373
12b6f8cabe4f7c8540d9b80776fd80,27735722,Feeder_3_capacity,1664143320.0,60.60752932073159,5.723948529528086,seller,888a34411f49569bd9021ec9767802,3.8130174777797934,237
d6a5f7a62448b0b0519c50ee3ea80c,27735722,Feeder_2_capacity,1664143320.0,51.99477951434142,4.152156001019972,seller,93c1a9f78a43b99f0691320270ac09,5.759439796014896,320
81e12589354ddcbc084153672046c5,27735722,Feeder_1_capacity,1664143320.0,71.7888747943222,3.5264048114330864,buyer,3c43fb95a14258886cc802a9033b2f,6.80605447856656,986
bf4d2084e4412b88feb25d593d5233,27735723,Feeder_4_capacity,1664143380.0,59.86583106669027,6.421443933415719,buyer,ddc8210f0049948ba33523c21405d9,4.940074719861736,998
8590ed1e054f14b08fff41f769d417,27735723,Feeder_3_capacity,1664143380.0,58.934221154605765,4.475145248309169,seller,683eb1810b42d999ab8140e6c7c426,5.9328392042727165,888
b4c9f6944544c0ae80229906816092,27735723,Feeder_2_capacity,1664143380.0,44.427250726149495,4.655549699491422,seller,86dad51b6149d2961c734988708bd6,5.010653150385048,251
15a6d80b214c209df88aedd972085c,27735723,Feeder_1_capacity,1664143380.0,38.862433891564166,6.3255774018705875,buyer,34803f4d764c15a75232a4aebe9eef,3.1000456711075506,71
379cff506648d785bd12fd428c085e,27735724,Feeder_4_capacity,1664143440.0,55.1324695165286,5.5708271729695165,seller,ca0bcb104949d2b6452b10402164cf,4.73413054403808,318
8f4ccf36d349a9b8a1831d38f72b1e,27735724,Feeder_3_capacity,1664143440.0,48.89755324170475,5.566205661554013,buyer,5924fcce094a3fa46bcf3ff5cc03e5,5.553785478553628,234
f60ea4cc864243b2c0465544a0392e,27735724,Feeder_2_capacity,1664143440.0,56.63935013496621,5.5332096202484,seller,a5dd35e0344c89beeca9078aa3d824,4.78343197729047,882
2b9746e48a4c0a90bd6f2efa07b5d0,27735724,Feeder_1_capacity,1664143440.0,43.475756626045715,3.901870042112698,buyer,c815caee8c42dcb6796b8d04158318,4.394297693506157,70
7b31d7974b4acb9b7a1d02779245fd,5547145,Feeder_4_storage,1664143500.0,7.018968998153704,50.43026132757539,buyer,58f5d55428423089f275ab3b5c83f5,5.984841687085687,731
cc9c18b5404d82b4ab673b99f4816a,27735725,Feeder_4_capacity,1664143500.0,35.27112258556278,5.978735028378074,buyer,eadbf4b5724c208f1dd19d37224478,5.03817457720906,274
5d83b5b89947239b6180fbc5395ae9,5547145,Feeder_3_storage,1664143500.0,1.9839736057498025,49.07760439735782,buyer,f0d5c38cd2456495257f7e6707cf40,4.6329741410054535,292
45521c1a384459a6e49bacf875c38d,27735725,Feeder_3_capacity,1664143500.0,41.6736109253163,5.5323261421511605,buyer,71bda246854fd3a68cd2f7b83ef06e,4.950396248874296,864
64f2e0eb2b4b89ba4bfffd9e5bd958,5547145,Feeder_2_storage,1664143500.0,5.28278280995543,49.61131011790408,seller,9ac19038544541bdb70b3ffcc523a6,3.142471413427712,613
470cb4a5a74745b63efe3e30655648,27735725,Feeder_2_capacity,1664143500.0,53.828795134723684,5.641863877523764,buyer,3c129b8b4e4614bce978db8977cffa,6.033126692591527,772
f2eda8c26e4858a78ee66099331c10,5547145,Feeder_1_storage,1664143500.0,6.8293510986984645,49.99063788511201,seller,145359574f41dcb81c2d76f7a7077d,4.985108036843854,278
e1c830c04b47a4976831bee19eb853,27735725,Feeder_1_capacity,1664143500.0,51.37642020736865,4.936971106221989,buyer,7493502cf040e493cef88bdb692acd,3.2379552457867717,64
df95604c334163b42ea16722381386,27735726,Feeder_4_capacity,1664143560.0,63.914937794945175,6.33819613736703,seller,98adf3be194171b001b48dad1e633d,5.256156103482462,876
a7a354612e4e2599528da0fe30b807,27735726,Feeder_3_capacity,1664143560.0,59.26299063534182,6.740760550491769,buyer,f7c02a673a4652ba375bebfd30247a,4.134251340512399,89
1faabb2dfb42268f231739c74fc474,27735726,Feeder_2_capacity,1664143560.0,58.37083007286013,4.46757359081581,buyer,97865be9e54feda9252e4f7448ed10,3.194984532857988,504
7019a4037b48e0b3e955b2e8473119,27735726,Feeder_1_capacity,1664143560.0,51.44615681215631,5.177629208644908,seller,7f2b74c9d2407a8ec0e1fe0cacba3d,3.815303976781591,516
6142797b8e403f971d4bbf50e6b6ce,27735727,Feeder_4_capacity,1664143620.0,48.72398655205969,5.193685027860182,seller,a83aa5b46c44168cc8f8041f33147b,4.937192182261936,808
d79048861e4e8a896199b0a5b2e950,27735727,Feeder_3_capacity,1664143620.0,48.80842218424675,5.196324148305454,buyer,881ec34ed3480ba230fed94bee9e62,5.46791389354139,380
f9d4642ac7472f921566ae290e5348,27735727,Feeder_2_capacity,1664143620.0,61.71081939975568,4.786556188103452,seller,47419196c14768952cdbf2ff820b5f,4.7118157315566895,763
538d41d8ab4cbd95f5adfc7fd2d03b,27735727,Feeder_1_capacity,1664143620.0,41.831848507826265,4.974338305599723,seller,6f5146ae5b4ef5b4b6e3c3df07661a,4.643465539891919,9
6898cbedb1453783153a6c22873fe1,27735728,Feeder_4_capacity,1664143680.0,62.336463912123605,2.762830811291265,seller,23f4257dd240c989613bb7b12074e6,5.269681166732135,575
a14d6578344271b021d62a92af9db7,27735728,Feeder_3_capacity,1664143680.0,57.57279327057255,4.715718817129257,buyer,7d535e09b444dba99fec5c03f3d242,5.738133529657324,489
c5b6aec3394683bea7fb2cf8a30358,27735728,Feeder_2_capacity,1664143680.0,45.80640542762826,7.371884201848003,seller,23a37c676b45cda988c1c5028901bd,4.0564276210935875,393
5e492608b8402d8a3289d29cd666cf,27735728,Feeder_1_capacity,1664143680.0,37.777030173990966,2.994097190956104,seller,ed951f70ac4881add01e83dfffe30d,5.270889645918687,79
f5c2fa3d424d91a7eff432bfd5c777,27735729,Feeder_4_capacity,1664143740.0,54.090660389663356,5.940096947966308,buyer,75b4fb0068442dbb0ec711eaf7a1dd,4.6859880937844665,932
bf8f90ee85418ba72bcfaf851dfef9,27735729,Feeder_3_capacity,1664143740.0,45.21666256724963,4.750884579023832,buyer,72171176c74d60bd30bba0de061010,4.193565328567898,492
aeca0bfd4a4b7ea570e1e2a6994a99,27735729,Feeder_2_capacity,1664143740.0,61.45047335933151,6.409722456861197,buyer,ba8dac937b4034a3da7aefe555a071,4.581289550964178,35
b40c1d9c034f2aadaebaa70f6b4d74,27735729,Feeder_1_capacity,1664143740.0,55.20069409361262,4.002770057319086,buyer,d2ebacc9c143e1b7769f2d33dd6c47,3.1532442618514382,818
ea0db41ade482fa5e37cda86b48c55,5547146,Feeder_4_storage,1664143800.0,4.024273766461196,52.65744452713138,buyer,4b8c488eee478bb450406cf4225fb6,4.7637138223355,17
c11e3d77b441fd95655c3894bf58a9,27735730,Feeder_4_capacity,1664143800.0,56.389225379108055,3.3465067350748585,seller,29821693534fc78b3c47d1252da06c,4.863273351800301,762
7b68fb8ef24382a02cb83a5a68e590,5547146,Feeder_3_storage,1664143800.0,6.258825571530259,51.17350281372162,seller,868fa3c21942da868baa7df1080e78,5.071853928133919,748
8610b459a54f7daddda2d0fc3c0406,27735730,Feeder_3_capacity,1664143800.0,42.162041771574124,3.9978665790376886,seller,2bcc9a0896494ca570967586972b79,4.53996705082486,156
ac2740a91e4fbf81b7355bdcd38efb,5547146,Feeder_2_storage,1664143800.0,6.736168660498802,49.99165312666,seller,ce9028dec347778859275a46f7db8c,4.751000552293326,372
9d6f3c5ae34886aacbd660b2892ac6,27735730,Feeder_2_capacity,1664143800.0,59.60792707683511,5.438528892721736,seller,2c542ae7f84aa598c6b47707b30158,6.329228309255108,548
440009107145778b7ab9a9ae85a3a1,5547146,Feeder_1_storage,1664143800.0,4.577087393629104,50.54506318809498,seller,71c63834da47c3bd5fa68b78e7a74d,6.331436161480334,417
4d430c2ade44128a310f427c9a6364,27735730,Feeder_1_capacity,1664143800.0,55.45595780122294,5.1743192200515224,buyer,3ec9ac3daf4824b017af14e73052b7,5.314655458816376,472
a01978218941a9bf3c1d4bee4c2bf8,27735731,Feeder_4_capacity,1664143860.0,48.314417506405526,6.538902252433737,buyer,2fdcb2390a49e993dbcb0a46421ee0,3.362553764937691,24
9de467c9c04f5788ae17fb39ef2ccd,27735731,Feeder_3_capacity,1664143860.0,54.90347693885944,3.9199418392572145,seller,95905d223b44e88c7fbc83158e8ad9,4.565129687467705,71
4e10da5fa54a99b06e4f70c898eaf6,27735731,Feeder_2_capacity,1664143860.0,47.8971794300111,5.202547512482573,seller,c6c030fc5a420694cd368983cf05b4,5.8935704386727,690
f738cc0b284c12ac9d7572014b12ef,27735731,Feeder_1_capacity,1664143860.0,51.77032639189645,5.9023466704281615,buyer,eb73e480284f97adca2076e9233201,4.5526945037406765,167
5d773b548d49f0b5a4fe5fb862dc10,27735732,Feeder_4_capacity,1664143920.0,50.87363498711803,2.6605286058701383,seller,f89ce03b5840ef8d0b0f2b61496f7a,5.048339579211935,874
b6e331442c4f09810622059713163b,27735732,Feeder_3_capacity,1664143920.0,50.72560327225736,3.936550823804369,buyer,90e44d4e914074b0c14ad175cada49,7.48342914862157,942
9dd2d644354eecad10bdb571551bda,27735732,Feeder_2_capacity,1664143920.0,56.419847346943044,5.511434229358256,buyer,011c165f9949edafb250f5d6ade685,4.603547397064809,291
16dda78d0e44a2b40794723dd68c4c,27735732,Feeder_1_capacity,1664143920.0,54.218142156657265,4.185054420573272,buyer,fb14ef117b4a16bfb7bfa1a3c258f4,6.1670355450948,639
8560183f014b82bb05e47391e3ef0e,27735733,Feeder_4_capacity,1664143980.0,29.702624221926996,5.207811888637794,buyer,3063e1712f424f93c4f5be57cf0e65,6.490408798158877,957
399f377a7949358dc8d0e6c9c96ab9,27735733,Feeder_3_capacity,1664143980.0,47.641899939346224,5.2510436594123355,buyer,dbff238d7740ffa9eee7189989a568,4.86489433981074,42
dd6e40e492499d8a1fbcdb1b0bb64b,27735733,Feeder_2_capacity,1664143980.0,51.73603372441189,4.649588147517543,seller,ae27724d4c48bd83c9a540bb1be653,4.005311952964871,938
8e65bc81ec430ea122cdf50a77995b,27735733,Feeder_1_capacity,1664143980.0,51.49041598647404,4.228885321912069,seller,b4d07b60934e13b6825104b3e460a6,6.010505178939425,539
8154d12c2a4d5fa061d298aadbeeb6,27735734,Feeder_4_capacity,1664144040.0,33.682363887222586,5.382518097808079,buyer,35e94c3bb94a2097c279f18efdeaaa,3.5519323163961953,119
071b2d50474b1980c7827779d32581,27735734,Feeder_3_capacity,1664144040.0,45.78385110299185,6.210724188359963,seller,e15371c91f4f9ca1d07a923c12a1a3,5.178934948437789,237
80b3d0cfbb4f81aa235834fd4a7bc2,27735734,Feeder_2_capacity,1664144040.0,32.80344570571951,3.6627069060994093,seller,a5cddb160c41c187cc474dae9b33e3,4.507950057839246,104
6b3bd13dc847b0b7cffc0633a9dbca,27735734,Feeder_1_capacity,1664144040.0,69.16964753923483,4.6428414901650275,buyer,d52ff9d5c945d49d3777b9d0f409f6,2.619855370797642,719
40c7dab8874db28ede33e1b06f5fd5,5547147,Feeder_4_storage,1664144100.0,3.77931663929762,50.50094306410751,seller,a90760d01f409dbe05ea53260b2f1a,4.905961604947685,51
e18767afa84bfabe22b56d348c8381,27735735,Feeder_4_capacity,1664144100.0,39.77682559499724,5.541031872459845,buyer,ccb020a050453383c563f79aa11c05,4.679702616634616,593
8da5cf9440413da3f3db5393858590,5547147,Feeder_3_storage,1664144100.0,6.2845302026931975,51.70398975294397,seller,5a938a1d684f84b90c31e5dc22cedf,5.487430637434933,911
f6d23602ca494bb255e36750d5010a,27735735,Feeder_3_capacity,1664144100.0,40.60461463012683,6.2479406536922415,buyer,30641b897e476ba7f0cb0405a42b69,5.762979931104498,31
e9fa1c351a4a2d82e75e1c7895d3c6,5547147,Feeder_2_storage,1664144100.0,5.652430622661237,49.66973358875037,buyer,41d0a72b8b4fcfbf4a1241ba1092d3,5.463014092704512,840
9d7ff04409416e9eceb0d675773cab,27735735,Feeder_2_capacity,1664144100.0,42.10209702806114,5.378737222209446,buyer,1369d06ab946629cfb467f660b564b,5.875762532921027,674
25530ea04e43c0a12a2ca770ef1453,5547147,Feeder_1_storage,1664144100.0,6.435357023941831,51.41441286193991,buyer,09acd3c70249038bc390aeec051c09,6.757024614072059,344
027d50a528435399e77bebac5657f0,27735735,Feeder_1_capacity,1664144100.0,35.27833054410202,3.327671266189184,seller,a80c35e0be4ab2b49b9eabe1074b57,3.82956506071058,659
733ae33ecd403b9bb7f547e5b3081e,27735736,Feeder_4_capacity,1664144160.0,56.00192576757311,3.168618336005576,buyer,d9520a19ac49c5bd508575f5a5940d,5.78756679839057,696
72403a609b4509904f66902669db78,27735736,Feeder_3_capacity,1664144160.0,57.941364752998794,5.774002815061334,seller,5c16ecf9304efeaf50678146f87430,5.362682820737516,365
5803adead642d799fef43c0c5e7d57,27735736,Feeder_2_capacity,1664144160.0,50.34895477217507,5.714300286263754,seller,b138e8940e43f7a3df6c11f3150dc6,5.690184962811773,297
d3f22035364a85bac0c2e3bb1e6f8f,27735736,Feeder_1_capacity,1664144160.0,58.65593782724436,5.4871406573221435,seller,b9e1be3e79473c9046bd7ae1640bca,5.742193018007437,587
feb04f472140908f7348a6ece28a82,27735737,Feeder_4_capacity,1664144220.0,52.89018274072748,4.3464737932183315,seller,13156d56194685b339f2ba5ccdad97,3.7699245927226914,949
789bc4415e4d02aeb108b170914f89,27735737,Feeder_3_capacity,1664144220.0,53.45441157190406,4.799070183770668,buyer,0bd222a32743e1b2289393c13323a5,5.793047202821187,190
d6c43d2dfc4912855896887b44976f,27735737,Feeder_2_capacity,1664144220.0,60.726442889791485,6.262691108610901,buyer,55f5443a3a4eef89307f09c9578468,2.7068827457575364,132
222e2253024fe2bd42aa77690a6224,27735737,Feeder_1_capacity,1664144220.0,52.76750261300537,5.158998798262976,seller,3ffde976324868932a5889bc852eb5,4.700535241559578,560
c0e331427c4e9a8a11bffbf7ea02e3,27735738,Feeder_4_capacity,1664144280.0,62.96522307180537,6.472716016109036,seller,ef631c09f44a048e3663193178301d,4.62356990130793,348
394b396f1a4ca9ba18ce38db97c422,27735738,Feeder_3_capacity,1664144280.0,41.419881561225175,6.120534316472447,buyer,160c5510c8478185fbc03e4a36964c,6.339518179332061,580
03b9e0f60c4cb18e727469a18b167b,27735738,Feeder_2_capacity,1664144280.0,44.17988003879562,6.151261768964972,buyer,3e94e2a7724673a4279b6534201a48,4.365722405305606,934
a760f5645143eda20e397ae3ea9939,27735738,Feeder_1_capacity,1664144280.0,44.13410865630127,5.109147549149143,buyer,d586769d7342d78ef4d1d318b4232f,2.136834453347608,512
16a0114f81496dbe14ff694c1c2246,27735739,Feeder_4_capacity,1664144340.0,39.132750418153066,4.720200208290793,seller,8a2e1810b343c2a05e3c7313a7b425,2.547680350409406,33
be80ff403d4871b4e6e11fdb62b256,27735739,Feeder_3_capacity,1664144340.0,54.22962532054969,4.800779978018642,buyer,35ba2a7ca5468b99f48aaacb589de8,6.981459338669156,540
042a0e0cd94397a6eba8fe14f92021,27735739,Feeder_2_capacity,1664144340.0,48.68882174477524,3.78088552291417,seller,dad213bd5d4ed68948891ffb16209c,2.9870665885118863,6
a8f4413f304826985e15e4f722beda,27735739,Feeder_1_capacity,1664144340.0,38.00220099164552,5.393756813040363,buyer,6ed050b74245b6a3a7a9211c916835,4.657415605408199,698
6e0128ca334a6a921fe4b709933ab1,5547148,Feeder_4_storage,1664144400.0,4.571506865713264,50.709273372665855,seller,c9fd4f7dee4b51b9fd67ee168a317a,3.929064240127283,4
c5667d1694462f9f913ac357e7692f,27735740,Feeder_4_capacity,1664144400.0,41.438208520399655,5.316115879819651,buyer,c07b63d2804d618fb2e96ac3d9b268,4.164961311321516,884
f09689ebdf45528e0d0d67f4133c14,5547148,Feeder_3_storage,1664144400.0,5.936091509781194,51.45873726216663,seller,e10fdaff49416b923ab1f9e79754bf,4.167424268616282,275
6cb93f4ed649b0b324995fd870a0df,27735740,Feeder_3_capacity,1664144400.0,55.11137363005857,5.282262627456226,buyer,a544ba79164e44bc532b79743749c0,6.109601135013637,248
68ddc937b140068d03907485cb2da2,5547148,Feeder_2_storage,1664144400.0,3.6349893030097205,49.134939790148735,buyer,18bcf49aee49e2997f8699ddfaf61f,3.9635136401708415,76
407fe085cc4d9dbedad9e18cce913c,27735740,Feeder_2_capacity,1664144400.0,40.59294316735398,4.642021677160266,seller,1fa3c122344bafb777bc85ae7bb5f5,3.0792780585115374,443
70f67138b74b13bc7bb9d6ae4d5374,5547148,Feeder_1_storage,1664144400.0,5.191286724370759,50.039203076198994,buyer,5ecf5e62e14a04bf1d11b1ac873b4d,6.706821411736538,822
bd6f21b08e422d96854175793de55f,27735740,Feeder_1_capacity,1664144400.0,45.272960408683154,3.9306144360726774,seller,4b396646014d0fa8431e900d3239a4,4.9952192600343315,440
dd8e48fdc54e678d013cc356a5e454,27735741,Feeder_4_capacity,1664144460.0,76.57342854901597,6.879421541652308,buyer,c8fbb7f2424d3bb4f002a308455307,4.872746229998136,648
4165b34be2491b93c7ee1764537a57,27735741,Feeder_3_capacity,1664144460.0,43.149270030107886,4.277236290476252,seller,a55cf9e9a64aa094fd4c34251f80e1,3.8785423438341318,516
efc5c1b5464124bdf5ca9562b2868c,27735741,Feeder_2_capacity,1664144460.0,43.31027969188335,3.117288665474444,buyer,da2d58a0e341609a9d978978b7eb4c,5.720925942968186,693
71068a2f7c4397b044f86ddea39215,27735741,Feeder_1_capacity,1664144460.0,50.01576066607727,4.166976472472728,buyer,c8f2550ba949ff804e76bc7b2bba0a,5.182329515732046,834
1dd9adcddb4beaa8d37693203aaeae,27735742,Feeder_4_capacity,1664144520.0,53.694453382127584,5.928272703662747,seller,0a26a1b2374b3f84ef3b10edca6bc9,5.4667967970400495,891
0ddc17a3cf4bbaa0394ce390ac7a26,27735742,Feeder_3_capacity,1664144520.0,32.302382515630384,6.7295036021279335,buyer,23f97bb53d4461bb0723c30f92c142,7.087124667937486,307
f89a023fee4f2595831f61beeb9ab1,27735742,Feeder_2_capacity,1664144520.0,34.31380396850933,3.2476100560825705,buyer,fc326fdbbe40e593722c6b0643187b,5.799482196462382,269
390418909f42869850614b7d9b614f,27735742,Feeder_1_capacity,1664144520.0,52.90465413443776,6.067911351883007,seller,2aa6ff7df742798a8d827e32c56b90,4.150260899892025,593
851e721388438f8d9c2f960fe1654a,27735743,Feeder_4_capacity,1664144580.0,48.93980633278198,5.7056543793219445,buyer,06ba88b1ae4e0d86cd29fa1a4e6484,5.583529920478189,301
7e4a3d1ea64dfda2d5823a6cea359a,27735743,Feeder_3_capacity,1664144580.0,56.64829782887643,5.040854409690823,buyer,b6cec05153437582def82b1a546e8d,5.312862555473813,852
7b48ff373d43889775d2f2f3ca2ab3,27735743,Feeder_2_capacity,1664144580.0,56.26936111253814,5.832920349869842,seller,11df582cb449dea467a5e914c803b0,4.208168822942511,641
88e4b8a5704fe48e85b200ac5ed673,27735743,Feeder_1_capacity,1664144580.0,37.13696175491912,4.9512951790124005,buyer,a7b1638d854d9ab41a3f593ffffef9,3.8400631763753292,151
dcc3ecc092455a8d51f9083925eb0a,27735744,Feeder_4_capacity,1664144640.0,53.39108939669544,4.427393222553789,seller,ffd719cc0840f7b40557c86d0dd916,5.176515152622905,58
4527dbb37c4f938ad31d29f2369ecc,27735744,Feeder_3_capacity,1664144640.0,49.48753770943376,6.216841271956306,buyer,3d68b1810549c38c2b7e2f8e60d843,5.248975003246934,890
94eb9bcedd49b88abfc76b2f85844f,27735744,Feeder_2_capacity,1664144640.0,48.151102576625796,4.026491144442534,buyer,e2a3145fc84ac18130dade406459a1,4.2819784614425975,89
72d64786de40b9acf652a7d8c26d8a,27735744,Feeder_1_capacity,1664144640.0,52.54013909197326,4.956159677039898,buyer,15eb28d7444cb5b963343e74a76b42,5.703571656469642,303
3537bca97141f9b68b45fc96f552ea,5547149,Feeder_4_storage,1664144700.0,4.857465225491594,50.75041967668089,seller,30adf5b6da475ba05f988dca13a472,5.439733138783967,930
a5d294839d47c99b81475dc457f030,27735745,Feeder_4_capacity,1664144700.0,47.908901588084674,5.717820230927048,buyer,f1800d5fcf4f30a9a7d6f511737ab5,5.94367286751879,704
484f3e222c448eb3da81405c80e02c,5547149,Feeder_3_storage,1664144700.0,6.255915016745142,49.11702788488103,seller,250355f5e54d329300b0f8f5aa42a8,6.096766119048874,819
8890e8b19b4ae4b90d107d691753e4,27735745,Feeder_3_capacity,1664144700.0,52.451777197537595,5.703203760364817,buyer,7772cc80d44bfebbcbde6fc4ef7a78,3.43365786625448,475
67501172fa4bbcacecd868622c292b,5547149,Feeder_2_storage,1664144700.0,5.294770336590004,53.0113429834029,seller,d336198f174afd8ccf790432416332,3.4686626792091917,13
d9769e05a34e2694075fa3ebe8a4c1,27735745,Feeder_2_capacity,1664144700.0,58.87422890741802,4.79021475107498,buyer,0e1e292a564639855a887654057073,4.479028463676854,812
7ce885c09d4defb916ba883ecc8c3b,5547149,Feeder_1_storage,1664144700.0,4.215463306829737,50.90924423956067,seller,622dad95fc4e2dadc46e655ec7218a,3.642943819007966,404
791dddef0d4d458d246ba0da6f552c,27735745,Feeder_1_capacity,1664144700.0,44.82976348551639,5.497806494237671,seller,c903ef2ef54eb6ba81424ddb550509,5.7287982004400915,673
be39eb952948c5800144b310a90d7d,27735746,Feeder_4_capacity,1664144760.0,51.256748204848854,5.361796840127134,seller,c5bb65693845de8ffed20a4c692adf,3.3271528142084175,455
588e2abf3e425a8df8b4dc61b873e2,27735746,Feeder_3_capacity,1664144760.0,37.35643249171684,5.473349767380719,buyer,1781dcf80544d4af47eb95472f9cb5,4.864723452409764,271
b6a81f7e154454a34c28dc966bfada,27735746,Feeder_2_capacity,1664144760.0,54.67475446001925,3.9448363132022086,seller,2d39bbcaf7417786a41acad2038f2c,4.874906234461309,912
1c3eb45d3f4875befaf6c581b7eb13,27735746,Feeder_1_capacity,1664144760.0,48.2172371109931,3.9010492180200473,buyer,f2f1cfe0bb46b3a94536960ffc64a1,4.992886285448304,445
c3ac28321d49a1bf731eac8296d87c,27735747,Feeder_4_capacity,1664144820.0,42.9210053264756,4.815989839646256,seller,80989487a04b3d853dddb4f8eb0ba7,4.890226641948656,565
21f59f786d4fd29db648cfc80dfc9d,27735747,Feeder_3_capacity,1664144820.0,56.922117049755066,6.646538638375514,buyer,24cc074c994022befaf88f430d907a,5.507927270850669,505
bc808f870847e88e4bf9f30a637177,27735747,Feeder_2_capacity,1664144820.0,57.38820993196144,6.660739658292746,buyer,ee162cb27d4002ac091bcb8ee05f65,5.549665099354221,482
27132657cd46409b2d0d5d7fa91cda,27735747,Feeder_1_capacity,1664144820.0,41.89972528083901,4.132478721802169,buyer,9ec46599ee402b8f6af632a09d331f,3.4700056672316713,4
b5ccdfa6a9452ca4b3ab1c501a7f5f,27735748,Feeder_4_capacity,1664144880.0,41.11278994104254,3.7728184210706552,seller,005aebc4fc46a1a8b5318357ee7bff,4.524327018144773,385
e4706185e443dfb75684d54bfbefa0,27735748,Feeder_3_capacity,1664144880.0,51.5672212361076,4.653337581079389,seller,01ee9e28084d40b1d16844ea4af41f,3.1180433551212943,558
75b158703246a48c143c38d1bf1d66,27735748,Feeder_2_capacity,1664144880.0,51.944348475357934,6.2138574622500276,seller,575f183cc84facbca99340d789a960,5.134087181793284,51
457651ee6147c1ab9b1a941130e18b,27735748,Feeder_1_capacity,1664144880.0,28.770292720993865,5.914053472543855,seller,f0be5ce3bc43efaf226ac221140327,3.762864514456523,618
e9a408bd2b4c32933374008a47c13e,27735749,Feeder_4_capacity,1664144940.0,49.080090424071194,4.038194994451584,seller,894371cd054eca85f00b5969df97d9,4.055668371393441,924
738b1aab54496a87e91a26ed7b2545,27735749,Feeder_3_capacity,1664144940.0,56.86576553330757,3.039870557992808,buyer,4b11ee08e042f29a6b3a3058f62d18,5.78240512444489,525
0f9d1aebc74f04b5bc1af1ed5c7b60,27735749,Feeder_2_capacity,1664144940.0,58.221337721164474,6.73323274632882,buyer,3c20e719c3446ebc8a1b58d9670a76,4.936983710650502,29
37ff4c0b34460f900efa8df36372ad,27735749,Feeder_1_capacity,1664144940.0,56.75886199610616,5.185263222527881,buyer,d85e890a6347fa917ffcf13c8a7b62,6.907159160254145,621
5e5b34661040a3b729d6b8d7245fea,5547150,Feeder_4_storage,1664145000.0,3.776466211954115,50.64723564054752,seller,560286f24340ceb465e2e06e448449,5.591284636266887,29
70756e11604b2aa4a251aab9d13992,27735750,Feeder_4_capacity,1664145000.0,57.225993613476234,4.154379795451656,seller,8640d12e0d40649b06e7560813a7c4,3.7885694604958875,468
e5c993ba45451b870d5f377acbba37,5547150,Feeder_3_storage,1664145000.0,3.861612550230692,51.672859039645694,seller,5055951fa3439381729d56751fe2e7,4.3036974244515305,531
ad1dd37ec946c4a458c8b2f3d1bb8f,27735750,Feeder_3_capacity,1664145000.0,35.943501995551046,4.532635419345272,buyer,1b3c5e0d3b4cf3b7a5a5cc5781d068,4.732340128530973,974
5db74ffee7462ca648a260567ddd59,5547150,Feeder_2_storage,1664145000.0,5.129611379674223,49.93087110423349,seller,ee05cb1a7548d4b5d4b18aa7441354,4.49709195740761,512
5cd4f792444b9db83ed27553702130,27735750,Feeder_2_capacity,1664145000.0,52.842351543743106,3.8356413021520455,seller,5382072c0f49f382dba142d8549895,3.1868504370667785,793
91e73e61f44294a2abc2f55fbee483,5547150,Feeder_1_storage,1664145000.0,4.039763837127492,49.803053023198906,seller,7b8de3c77f45528ede3b7ad10b2802,3.341931347652728,510
6bfba9284b4cd6aa1ad2d80f12e500,27735750,Feeder_1_capacity,1664145000.0,47.551215731706094,5.082146790199241,seller,1cfca541e745778a87bba99cff032a,5.889321065071631,546
3b6db2f27745959de78e5132976741,27735751,Feeder_4_capacity,1664145060.0,44.460473825442826,6.510233996390243,seller,a9b3e932234cf1a81812d06a9bcb08,5.212466371131501,137
77fb6a266d48a8b5b498d2bbccb7da,27735751,Feeder_3_capacity,1664145060.0,43.990420187785894,5.754916692778008,buyer,a0575f05ca41c78335864b5216d765,6.430604512266296,303
9fa72fc49c49658723977f839b20b9,27735751,Feeder_2_capacity,1664145060.0,32.84664429858549,5.1033625250387065,seller,3fbf3f7e694cde98e311b105163eb2,5.435147107063278,670
9fa46242e5429d8875481ce5fc87d5,27735751,Feeder_1_capacity,1664145060.0,64.51752709648436,2.6987664758273637,seller,6d2c2184754a48a413238fd132920a,4.533199843382327,227
14feee8a9043f1913cfeb3a1a011d9,27735752,Feeder_4_capacity,1664145120.0,47.78394503807279,4.043221103018277,buyer,5a40d5667442b99cf495fe1f239ae7,5.686138483282413,844
5fd717f29d494d9d1f3a024c1b9171,27735752,Feeder_3_capacity,1664145120.0,46.68634193065174,5.497007687501921,buyer,b0fac068d649f3864ca34522bf1d67,6.199712676464431,213
3e1c9cdc1b4c24add381bb357d3fbf,27735752,Feeder_2_capacity,1664145120.0,45.23635326695288,3.8120857744072665,seller,b054d7da434f228488246baf709be3,4.433065671606947,851
59fea61e8247b58642016afed8e8e1,27735752,Feeder_1_capacity,1664145120.0,39.06843105030315,5.534018386085184,buyer,3de5a367054db39c3cf2b01c05a2b5,7.144611695476355,275
980a87d2e044fea7f605f3db075dd4,27735753,Feeder_4_capacity,1664145180.0,56.580479712428094,5.455087188817235,buyer,b93c6239fa49f2b6cf848d6c8c1b21,4.692046385007274,83
b3de810e9143e686933250ac2854e0,27735753,Feeder_3_capacity,1664145180.0,42.91622368976114,4.66808749150069,buyer,74ccdda0254bfca3ab5480d033ffc8,4.26420932664931,882
9901722cf84d34afb2af1accfa4975,27735753,Feeder_2_capacity,1664145180.0,46.82867575750877,5.285811593028355,seller,530ca339da4661906599c846be5f1a,4.762551049837188,48
396de918a0402aadfec632f3111bd7,27735753,Feeder_1_capacity,1664145180.0,56.04842783241539,4.976393948713965,buyer,68a9c871474794a1c318bf0c3ae214,4.349428339608481,301
c29d2e2f6d456d8433ad3a36e05a4c,27735754,Feeder_4_capacity,1664145240.0,51.37010503239081,4.638300129773562,buyer,cb0919f9f546b2b2f5427d06f70986,5.391089789101715,348
b4b73b81f04c139369864270f336ac,27735754,Feeder_3_capacity,1664145240.0,62.577006907071436,4.397549345874854,buyer,47dc68648f46c88ac7e12d9d33380f,7.303516926562207,335
826b3a4fa743a0894160cae46275fb,27735754,Feeder_2_capacity,1664145240.0,48.22761846995322,5.255399417695397,seller,7265ad03d24938929d6c53385204f6,4.728764555106115,276
8dcfa1423d44c7b64b16cd0636da77,27735754,Feeder_1_capacity,1664145240.0,41.57305307496058,3.8820117168608066,buyer,45f72d80fc4809918bfce70dec6358,5.466681460273219,253
3d9de2a85749bd906e009268dfb73b,5547151,Feeder_4_storage,1664145300.0,4.695906870631926,48.76730853418898,buyer,a0a5eefec84126a3b80af7dfa51fc7,5.018421755917946,410
927d1b82a840b895fe9510b758bd4e,27735755,Feeder_4_capacity,1664145300.0,58.22094122398428,4.694333341041191,seller,50cfdeeade4a058bb3247dac3e7de7,4.808770162862159,669
22c7e679254aba910f0db2f058eeb9,5547151,Feeder_3_storage,1664145300.0,5.084302839060448,50.22999080311386,seller,f5876c78d04bc7a7b1995b3ae55bee,6.579845810393644,217
c5970be8f04d02b1fee2a61b9c4d12,27735755,Feeder_3_capacity,1664145300.0,46.21415463697654,5.842449262484548,seller,533c044f4f4b2e93c1bb6a7fbed99a,4.105683342406318,508
7f3ab3f7f7487f9c63162c69f1da28,5547151,Feeder_2_storage,1664145300.0,6.072238835383976,49.88639920774736,buyer,857714abf045e1aa7403638df8b015,4.754108808537874,121
9e6e6dc787490ab930cff47fad7057,27735755,Feeder_2_capacity,1664145300.0,35.78698556048171,5.598628483977959,buyer,2e9c3739234fa08120c3c360396443,5.107153256272146,364
1f3c0a8fba4144b1ae5c966b1246fd,5547151,Feeder_1_storage,1664145300.0,4.794369068965277,50.678697419635455,buyer,af41a9949e480ea95ff00bc86e15ca,4.302852826297909,871
de95e2d954468eb7fa66dfbc63b86f,27735755,Feeder_1_capacity,1664145300.0,44.83070640017663,4.592999486111949,seller,5e103b562843149503c8fbd49b228f,5.461152160411407,121
8bcc3c7e8645b2825a5f64480fa6c3,27735756,Feeder_4_capacity,1664145360.0,59.27744766521849,6.08378995982548,seller,730dcd38e340caaded830444410fd1,4.7278059202949025,368
24755b8b4c4d5d9e346fe8daef4475,27735756,Feeder_3_capacity,1664145360.0,51.940416688630165,5.065867172126365,buyer,f1db16aeb9437ea477c7adf815119d,4.255560603496961,755
2d0333e7ab4de7b520939b6a449c7d,27735756,Feeder_2_capacity,1664145360.0,51.324164041420474,5.101996726318959,seller,46caa7736a48fdb8e28ad20b633637,6.598649109693742,261
034f7f2f074e26927c7809f000ae6d,27735756,Feeder_1_capacity,1664145360.0,39.13545746224202,5.479079693229936,seller,f62e3be8c3469d841a48a74ab43cf5,4.44616813127873,790
8a7beb0bad420a8d53fbbb23b91f81,27735757,Feeder_4_capacity,1664145420.0,55.793557623449075,4.1674618594667265,buyer,a18a99a4fd4a1eb9bc93f4cc263d43,5.233735507775942,226
8c7ac2058146dcb85be54ea0a8d157,27735757,Feeder_3_capacity,1664145420.0,69.16973970106484,4.833899999247644,seller,463248c7184631bff5e6003fc61f04,6.999038559599629,178
dc6b74ef0144a088b47b3aeb33d114,27735757,Feeder_2_capacity,1664145420.0,55.727450674854715,3.96473886540428,buyer,655e0810944d5e8cd3014657ec41df,2.299855280115272,754
c03b195d414f75a6438476d40ed7c4,27735757,Feeder_1_capacity,1664145420.0,57.190824645122404,5.615518149739444,seller,dbde5300354925a93d8094e0baa4ad,6.230706188547086,466
92457a079042f1b7fc93275935c82b,27735758,Feeder_4_capacity,1664145480.0,48.19622697573273,5.778912935573037,buyer,bac638978343f1baf435987a182277,5.5386960692295455,726
081c05cdab45d683c651d889478e74,27735758,Feeder_3_capacity,1664145480.0,58.677762195769844,4.712016344440279,buyer,076e9889284a6f894f93b6a7247f90,4.139224863311091,784
1e3a07649b490980be8794d3400114,27735758,Feeder_2_capacity,1664145480.0,58.81583297395076,3.20736490206128,buyer,de9f6a45dc45f0825d9d7c143d1de7,4.85062543718629,131
18e388680a4237b26be7014b0b0e28,27735758,Feeder_1_capacity,1664145480.0,64.64065504441656,6.76185248677397,seller,ccdbe572644a9993c5cee5ec27789b,4.956336766104669,816
